StartDate,EndDate,Status,IPAddress,Progress,Duration (in seconds),Finished,RecordedDate,ResponseId,RecipientLastName,RecipientFirstName,RecipientEmail,ExternalReference,LocationLatitude,LocationLongitude,DistributionChannel,UserLanguage,Q6,Q7,rid,age,gender,hhi,ethnicity,hispanic,education,political_party,region,zip,Create New Field or Choose From Dropdown...,FL_3_DO
Start Date,End Date,Response Type,IP Address,Progress,Duration (in seconds),Finished,Recorded Date,Response ID,Recipient Last Name,Recipient First Name,Recipient Email,External Data Reference,Location Latitude,Location Longitude,Distribution Channel,User Language,What is one of the diet plans mentioned in the video?,How would you rate the speaker using the options below?,rid,age,gender,hhi,ethnicity,hispanic,education,political_party,region,zip,Create New Field or Choose From Dropdown...,FL_3 - Block Randomizer - Display Order
"{""ImportId"":""startDate"",""timeZone"":""America/Denver""}","{""ImportId"":""endDate"",""timeZone"":""America/Denver""}","{""ImportId"":""status""}","{""ImportId"":""ipAddress""}","{""ImportId"":""progress""}","{""ImportId"":""duration""}","{""ImportId"":""finished""}","{""ImportId"":""recordedDate"",""timeZone"":""America/Denver""}","{""ImportId"":""_recordId""}","{""ImportId"":""recipientLastName""}","{""ImportId"":""recipientFirstName""}","{""ImportId"":""recipientEmail""}","{""ImportId"":""externalDataReference""}","{""ImportId"":""locationLatitude""}","{""ImportId"":""locationLongitude""}","{""ImportId"":""distributionChannel""}","{""ImportId"":""userLanguage""}","{""ImportId"":""QID6""}","{""ImportId"":""QID7""}","{""ImportId"":""rid""}","{""ImportId"":""age""}","{""ImportId"":""gender""}","{""ImportId"":""hhi""}","{""ImportId"":""ethnicity""}","{""ImportId"":""hispanic""}","{""ImportId"":""education""}","{""ImportId"":""political_party""}","{""ImportId"":""region""}","{""ImportId"":""zip""}","{""ImportId"":""Create New Field or Choose From Dropdown...""}","{""ImportId"":""FL_3_DO""}"
2018-12-06 07:34:24,2018-12-06 07:38:02,IP Address,23.125.94.255,100,217,True,2018-12-06 07:38:02,R_3lQdg76VhQKlZBU,,,,,31.22430419921875,-82.35959625244140625,anonymous,EN,Ketogenic,,5c093326-dfc3-4ce3-b570-b6ceb814dcea,22,2,10,2,1,2,1,3,31501,,MTreatment
2018-12-06 07:39:46,2018-12-06 07:40:46,IP Address,199.19.101.77,100,59,True,2018-12-06 07:40:46,R_2sT5DCSO6Qb25Hx,,,,,31.781402587890625,-106.361297607421875,anonymous,EN,Ketogenic,,5c09348a-d57b-44d7-976b-a643c3abefd0,46,1,2,1,2,4,4,3,79924,,FControl
2018-12-06 07:38:21,2018-12-06 07:41:35,IP Address,24.24.240.177,100,193,True,2018-12-06 07:41:35,R_5AzLCiyz11CPYxb,,,,,34.1282958984375,-117.2086944580078125,anonymous,EN,Ketogenic,,5c093432-7cbb-4ca8-ac7e-ed6999f8855f,32,1,7,10,1,6,10,4,92408,,MControl
2018-12-06 07:41:19,2018-12-06 07:44:14,IP Address,146.115.231.150,100,174,True,2018-12-06 07:44:14,R_2ZWD9NOOUEy3spA,,,,,40.662200927734375,-75.39029693603515625,anonymous,EN,Ketogenic,,5c0934c9-f32f-4b40-8602-6b87401696fb,34,1,19,1,1,2,3,1,18045,,FTreatment
2018-12-06 07:40:25,2018-12-06 07:44:23,IP Address,66.241.161.146,100,237,True,2018-12-06 07:44:23,R_2fDKby4J8r6A4zQ,,,,,41.5453948974609375,-96.1616973876953125,anonymous,EN,Paleo,,5c09349f-7ecf-4b57-a348-01b10378d641,86,2,1,1,1,2,1,2,68122,,MControl
2018-12-06 07:41:31,2018-12-06 07:45:28,IP Address,67.197.87.165,100,236,True,2018-12-06 07:45:28,R_3oQHetOgGwWm6bK,,,,,34.748992919921875,-80.7615966796875,anonymous,EN,Ketogenic,,5c0934ae-24ff-45de-8913-cb2ee2db3fca,71,2,3,2,1,1,1,3,29720,,MControl
2018-12-06 07:42:16,2018-12-06 07:46:03,IP Address,70.125.47.192,100,226,True,2018-12-06 07:46:03,R_1FhoJQPorCa7aWU,,,,,27.7953948974609375,-82.637298583984375,anonymous,EN,Pritikin,I trust what the speaker was saying.,5c0934f8-5016-4110-a3e0-0f378dc73c2f,55,1,13,1,1,7,3,3,33704,,FTreatment
2018-12-06 07:43:34,2018-12-06 07:46:58,IP Address,70.125.23.4,100,203,True,2018-12-06 07:46:58,R_UW8cHlnN5MRsxUt,,,,,27.8386993408203125,-82.7151031494140625,anonymous,EN,Ketogenic,,5c093566-8759-4bdf-8321-a3c1f24e3593,23,2,1,1,1,2,10,3,33709,,FControl
2018-12-06 07:43:42,2018-12-06 07:48:19,IP Address,74.70.220.201,100,276,True,2018-12-06 07:48:19,R_2SplIWYKRTsgVuR,,,,,42.72869873046875,-73.66829681396484375,anonymous,EN,Ketogenic,,5c093534-91c0-41c0-b2e9-385e2e3b0904,49,1,4,1,1,4,4,1,12180,,MTreatment
2018-12-06 07:48:23,2018-12-06 07:51:20,IP Address,45.47.141.231,100,176,True,2018-12-06 07:51:21,R_1OjiZHBEbeoHGOh,,,,,43.0050048828125,-73.848602294921875,anonymous,EN,Paleo,,5c093688-82eb-4ab8-8af6-d9956895d1b9,71,1,8,1,1,8,4,1,12020,,MTreatment
2018-12-06 07:46:09,2018-12-06 07:51:29,IP Address,32.211.152.8,100,320,True,2018-12-06 07:51:29,R_1ly6t7D4j1X6yeH,,,,,41.960205078125,-72.003997802734375,anonymous,EN,Ketogenic,,5c093613-75e3-4a78-a54e-255f947cd85d,22,2,16,1,1,6,9,1,06331,,FTreatment
2018-12-06 07:46:30,2018-12-06 07:52:00,IP Address,76.111.24.104,100,330,True,2018-12-06 07:52:00,R_3kdqtidALmtJnP8,,,,,38.867401123046875,-77.644500732421875,anonymous,EN,Pritikin,I trust what the speaker was saying.,5c0935f3-8081-446f-b442-218b82a7b05a,69,2,20,1,1,4,3,3,20155,,FControl
2018-12-06 07:41:36,2018-12-06 07:53:10,IP Address,184.55.201.116,100,693,True,2018-12-06 07:53:10,R_2UYgaq8NwtJy4m1,,,,,43.140899658203125,-87.9073028564453125,anonymous,EN,Ketogenic,,5c09348d-6ad2-4fca-808e-c47867a3d667,42,2,9,1,1,1,1,2,53223,,MTreatment
2018-12-06 07:49:12,2018-12-06 07:53:41,IP Address,32.216.75.89,100,269,True,2018-12-06 07:53:41,R_0TzJc49bI6QIgLv,,,,,41.279998779296875,-72.81060028076171875,anonymous,EN,Pritikin,I trust what the speaker was saying.,5c093689-9817-4241-96fc-05a5b755b13c,70,2,7,1,1,5,2,1,06811,,MControl
2018-12-06 07:53:46,2018-12-06 07:54:08,IP Address,73.8.247.5,100,21,True,2018-12-06 07:54:08,R_27HD70WMkaoOxYf,,,,,41.751800537109375,-88.04889678955078125,anonymous,EN,Paleo,,5c0937c9-1204-4123-988a-06d395685073,33,2,1,1,1,2,4,2,60084,,MTreatment
2018-12-06 07:51:28,2018-12-06 07:54:36,IP Address,47.145.46.84,100,187,True,2018-12-06 07:54:37,R_2doIqrOfeQgDn32,,,,,33.70440673828125,-117.1968994140625,anonymous,EN,Paleo,,5c093754-ffcf-47bf-b986-e92440875575,25,1,9,1,2,2,1,4,92586,,FControl
2018-12-06 07:51:11,2018-12-06 07:55:05,IP Address,47.13.65.149,100,233,True,2018-12-06 07:55:05,R_3gUcofE9d43h9kO,,,,,35.6511993408203125,-88.3927001953125,anonymous,EN,Pritikin,I trust what the speaker was saying.,5c093719-26cb-413b-b9d8-b414f8f7d452,73,2,4,1,1,2,9,3,38351,,FTreatment
2018-12-06 07:54:32,2018-12-06 07:55:39,IP Address,71.162.14.34,100,66,True,2018-12-06 07:55:39,R_1rpMaZXgg2ss1eT,,,,,40.5570068359375,-80.15779876708984375,anonymous,EN,Paleo,,5c093806-21bf-4fe1-9670-df4d8483f7d8,49,1,11,1,1,6,9,1,15143,,FTreatment
2018-12-06 07:51:09,2018-12-06 07:56:16,IP Address,184.170.80.40,100,307,True,2018-12-06 07:56:16,R_1K1IPbjDjUvRfNW,,,,,37.3379058837890625,-79.2790985107421875,anonymous,EN,Ketogenic,,5c093727-05ac-4fed-ae82-a8dd05ad4778,56,2,-3105,1,1,4,4,3,24593,,FControl
2018-12-06 07:55:22,2018-12-06 07:57:30,IP Address,99.0.117.106,100,127,True,2018-12-06 07:57:30,R_9EVyIzen1sAn0vn,,,,,35.273101806640625,-80.95709991455078125,anonymous,EN,Paleo,,5c093846-be46-479d-97f0-c10db85377a4,21,2,8,2,1,6,3,3,28208,,FTreatment
2018-12-06 07:54:39,2018-12-06 07:57:45,IP Address,71.53.91.126,100,185,True,2018-12-06 07:57:45,R_qVnyxPiKZnk7qDv,,,,,33.177398681640625,-97.28479766845703125,anonymous,EN,Paleo,,5c0937ea-08f0-4b72-810b-d007effd723d,44,1,4,1,1,2,1,3,76078,,MTreatment
2018-12-06 07:54:57,2018-12-06 07:58:21,IP Address,71.114.90.182,100,204,True,2018-12-06 07:58:21,R_xeX5OohB4w0c5Sp,,,,,38.9326934814453125,-77.03220367431640625,anonymous,EN,Ketogenic,,5c09382a-0d4a-4740-b53d-bfa3b363923a,35,2,14,5,1,3,1,3,20010,,MControl
2018-12-06 07:55:38,2018-12-06 07:58:58,IP Address,199.231.241.83,100,200,True,2018-12-06 07:58:59,R_3ipUbJ5lkIRECwW,,,,,47.6302032470703125,-122.3209991455078125,anonymous,EN,Ketogenic,,5c0937fa-4282-4e20-875b-25785e5f0d76,40,1,20,1,1,7,10,4,98102,,FControl
2018-12-06 07:58:58,2018-12-06 07:59:12,IP Address,98.178.175.86,100,13,True,2018-12-06 07:59:12,R_241mfw1feu0C2n0,,,,,36.147003173828125,-95.9069976806640625,anonymous,EN,Ketogenic,,5c093911-69ba-4eb4-b8d2-8d93c67e9480,26,1,3,1,1,2,3,3,74129,,FTreatment
2018-12-06 07:56:27,2018-12-06 07:59:59,IP Address,65.26.240.180,100,211,True,2018-12-06 07:59:59,R_7af2kt6Cr6JYGQN,,,,,42.95489501953125,-87.9447021484375,anonymous,EN,Pritikin,I trust what the speaker was saying.,5c093877-3e63-4f65-a652-c75b71e593d1,22,2,13,1,1,2,10,2,53207,,FTreatment
2018-12-06 07:56:06,2018-12-06 08:00:03,IP Address,70.40.107.1,100,236,True,2018-12-06 08:00:03,R_3CBhbYx7PFjiDjU,,,,,34.0260009765625,-78.16809844970703125,anonymous,EN,Pritikin,I trust what the speaker was saying.,5c09385d-530b-411c-8119-d3cc198a17e4,74,2,4,1,1,7,5,3,28461,,MControl
2018-12-06 07:56:40,2018-12-06 08:00:05,IP Address,68.80.37.79,100,205,True,2018-12-06 08:00:06,R_1JReQrNc8K32NHs,,,,,40.0343017578125,-75.12129974365234375,anonymous,EN,Ketogenic,,5c093859-d323-49fe-b841-8a63201eb4fd,34,2,6,15,14,4,2,1,19133,,FControl
2018-12-06 07:56:52,2018-12-06 08:00:17,IP Address,71.114.93.115,100,205,True,2018-12-06 08:00:17,R_3MLOgjsBx3Yhrog,,,,,39.0095062255859375,-76.98459625244140625,anonymous,EN,Ketogenic,,5c093891-5503-4615-91c4-cc6d5c3e3e88,44,1,10,15,2,6,9,3,20903,,MControl
2018-12-06 07:58:20,2018-12-06 08:00:43,IP Address,184.4.126.42,100,143,True,2018-12-06 08:00:43,R_2zBWwwiRyzBGUBI,,,,,28.6970977783203125,-81.79759979248046875,anonymous,EN,Ketogenic,,5c0938a5-76cf-4d6c-ab87-7409d66596e8,73,1,5,1,1,2,10,3,34788,,FControl
2018-12-06 07:56:21,2018-12-06 08:00:53,IP Address,99.67.56.174,100,272,True,2018-12-06 08:00:54,R_2aeprhOzDlqKgK3,,,,,33.8744049072265625,-117.85430145263671875,anonymous,EN,Pritikin,I trust what the speaker was saying.,5c0937ea-aa70-40f1-b3eb-28ddbb8574a2,75,1,6,1,1,2,9,4,92870,,FTreatment
2018-12-06 07:54:15,2018-12-06 08:00:59,IP Address,69.163.22.136,100,403,True,2018-12-06 08:00:59,R_24NMEvGJTXfIvI6,,,,,43.5413970947265625,-93.71019744873046875,anonymous,EN,Paleo,,5c0937f2-778b-4b53-9fff-0d6a8bf10932,65,1,3,1,1,4,10,2,56051,,MControl
2018-12-06 07:59:55,2018-12-06 08:01:36,IP Address,172.58.140.235,100,100,True,2018-12-06 08:01:36,R_1Qmj7vbDgkNoWlX,,,,,41.880401611328125,-87.72229766845703125,anonymous,EN,Ketogenic,,5c0938f7-b29d-4496-af01-23269ce94c3a,54,1,1,1,1,1,9,3,40601,,MTreatment
2018-12-06 08:04:20,2018-12-06 08:04:30,IP Address,99.94.171.21,100,10,True,2018-12-06 08:04:31,R_1K2SsKpQe2Y8hDZ,,,,,36.182403564453125,-79.805999755859375,anonymous,EN,Ketogenic,,5c093a35-eb20-4898-9d1f-0a01ef71d366,24,2,3,1,1,4,5,3,27406,,MControl
2018-12-06 08:03:25,2018-12-06 08:04:37,IP Address,74.202.88.130,100,72,True,2018-12-06 08:04:38,R_3DtrTjSdTlVdO21,,,,,39.5630035400390625,-84.22879791259765625,anonymous,EN,Ketogenic,,5c093a23-f957-4b9e-b326-e04cee367f64,31,2,21,1,1,6,10,2,45415,,MTreatment
2018-12-06 08:01:26,2018-12-06 08:05:05,IP Address,76.112.177.50,100,218,True,2018-12-06 08:05:06,R_2XncT4oo85eE9Y7,,,,,42.7769012451171875,-82.543701171875,anonymous,EN,Ketogenic,,5c093979-e20d-4657-8413-b67e58547869,63,2,1,1,1,6,9,2,48039,,MControl
2018-12-06 08:01:50,2018-12-06 08:05:10,IP Address,104.51.12.74,100,200,True,2018-12-06 08:05:10,R_11i5EyhOLeCSvCp,,,,,36.098602294921875,-86.8218994140625,anonymous,EN,Pritikin,I trust what the speaker was saying.,5c09399b-7562-4e2d-a54c-87c21b401f27,64,2,22,1,1,7,3,3,37215,,FControl
2018-12-06 08:01:58,2018-12-06 08:05:40,IP Address,107.77.232.49,100,221,True,2018-12-06 08:05:40,R_cM95xdp7tWW1EzL,,,,,37.751007080078125,-97.82199859619140625,anonymous,EN,Paleo,,5c093998-848c-4ef5-89f2-1d722001ebec,58,1,4,1,1,6,4,3,37320,,FTreatment
2018-12-06 08:05:54,2018-12-06 08:06:40,IP Address,73.162.236.77,100,45,True,2018-12-06 08:06:40,R_3P82ch7I5dgxnlR,,,,,37.7165985107421875,-121.92259979248046875,anonymous,EN,Paleo,,5c093a8e-bfd8-4af1-bd20-f7469f464b82,58,2,19,16,1,2,1,4,94550,,FTreatment
2018-12-06 08:05:24,2018-12-06 08:06:41,IP Address,73.110.46.19,100,77,True,2018-12-06 08:06:42,R_3jeAwTPiwkNiLja,,,,,41.9232025146484375,-87.8184967041015625,anonymous,EN,Paleo,,5c093a6e-b1c5-46c5-bb71-d26dcd8394dd,33,1,20,1,1,6,6,2,60504,,MControl
2018-12-06 08:03:56,2018-12-06 08:07:07,IP Address,108.243.159.232,100,191,True,2018-12-06 08:07:08,R_2zCoD8iKqGlBeBt,,,,,37.1230010986328125,-93.48000335693359375,anonymous,EN,Ketogenic,,5c093a40-8cb0-464c-8452-17436ad0f4d2,36,2,5,1,15,6,7,2,65738,,FTreatment
2018-12-06 08:04:39,2018-12-06 08:07:33,IP Address,73.194.60.213,100,173,True,2018-12-06 08:07:33,R_1dnT6LKvwQwkCR6,,,,,39.6156005859375,-75.04090118408203125,anonymous,EN,Paleo,,5c093a59-2c2d-48ed-8c14-ca8636f1a152,52,1,16,1,1,4,5,1,08343,,MTreatment
2018-12-06 08:04:16,2018-12-06 08:07:37,IP Address,99.83.8.242,100,201,True,2018-12-06 08:07:38,R_27qlhRFsjSdBraG,,,,,33.8701934814453125,-81.55049896240234375,anonymous,EN,Pritikin,I do not trust what the speaker was saying.,5c093a2d-ea8c-4012-a666-38fbe7d85727,61,2,3,1,1,2,10,3,29006,,MControl
2018-12-06 08:04:04,2018-12-06 08:07:45,IP Address,50.40.217.121,100,221,True,2018-12-06 08:07:46,R_2b4cLXnAeI50Xq1,,,,,37.663604736328125,-89.11730194091796875,anonymous,EN,Ketogenic,,5c093a40-5b73-4e1c-925d-1a2681bb805d,56,2,8,1,1,6,1,2,62832,,FControl
2018-12-06 08:04:25,2018-12-06 08:07:46,IP Address,66.210.34.62,100,201,True,2018-12-06 08:07:47,R_3Gw8weX3emlTgfq,,,,,30.42120361328125,-86.89260101318359375,anonymous,EN,Pritikin,I do not trust what the speaker was saying.,5c093a45-491f-435f-85b7-fb871bc8e78a,63,2,12,1,1,2,9,3,32713,,FTreatment
2018-12-06 08:05:06,2018-12-06 08:08:05,IP Address,76.179.52.77,100,179,True,2018-12-06 08:08:05,R_1pFi2XNcsNsH88N,,,,,43.7570037841796875,-71.68810272216796875,anonymous,EN,Ketogenic,,5c093a69-d7a8-4b67-b112-0ef8b751cd23,35,1,9,1,1,4,4,1,03217,,MTreatment
2018-12-06 08:04:52,2018-12-06 08:08:12,IP Address,67.87.107.27,100,200,True,2018-12-06 08:08:13,R_8rlRbTmSKgemwG5,,,,,40.9138946533203125,-74.5863037109375,anonymous,EN,Ketogenic,,5c093a64-d6f5-4c91-bfa4-5459b01c86d5,42,2,19,1,1,7,1,1,07866,,FControl
2018-12-06 08:05:19,2018-12-06 08:08:23,IP Address,50.4.208.181,100,183,True,2018-12-06 08:08:23,R_3Pe6OPerw3TpwSc,,,,,42.33489990234375,-83.1800994873046875,anonymous,EN,Paleo,,5c093a6d-6fb6-492c-bdc5-df853f1abef3,49,1,9,1,1,6,5,2,48126,,FTreatment
2018-12-06 08:05:16,2018-12-06 08:08:32,IP Address,47.192.64.97,100,195,True,2018-12-06 08:08:32,R_2dTjo7oYsJfWtwU,,,,,27.789794921875,-82.72429656982421875,anonymous,EN,Ketogenic,,5c093a69-b453-494b-b32a-ffa59ea3a7b7,56,1,5,1,1,4,10,3,33759,,FControl
2018-12-06 08:05:05,2018-12-06 08:08:32,IP Address,107.77.169.4,100,207,True,2018-12-06 08:08:33,R_2CULB7vGme0paW2,,,,,29.4228973388671875,-98.5260009765625,anonymous,EN,Ketogenic,,5c093a75-0222-4b2c-90a4-2eda11512595,57,1,8,1,1,3,1,3,77423,,MTreatment
2018-12-06 08:05:25,2018-12-06 08:08:47,IP Address,76.24.174.187,100,202,True,2018-12-06 08:08:48,R_3lVOvL4gvJ9Jat3,,,,,42.0847015380859375,-71.0001983642578125,anonymous,EN,Ketogenic,,5c093a7c-55e8-412a-90ff-8e6cb3ddc77b,35,2,7,1,1,3,1,1,02343,,MControl
2018-12-06 08:05:45,2018-12-06 08:08:57,IP Address,99.51.1.145,100,191,True,2018-12-06 08:08:58,R_2zhDTfFAQUm6QyZ,,,,,37.6566925048828125,-121.4954986572265625,anonymous,EN,Ketogenic,,5c093a82-e40c-47f1-a736-11e5b438d1f0,58,2,3,2,1,2,1,4,95376,,FControl
2018-12-06 08:06:15,2018-12-06 08:09:16,IP Address,172.2.21.233,100,181,True,2018-12-06 08:09:16,R_vMsSso9wpn66tCF,,,,,37.7509002685546875,-122.4152984619140625,anonymous,EN,Pritikin,I trust what the speaker was saying.,5c093a9e-e7c1-433d-8ec1-69392ef3ba5f,55,1,14,1,1,6,7,4,94110,,FTreatment
2018-12-06 08:06:23,2018-12-06 08:10:28,IP Address,73.59.144.66,100,245,True,2018-12-06 08:10:28,R_1Lkh5bqsAhpcGpe,,,,,35.1555938720703125,-89.7761993408203125,anonymous,EN,Pritikin,I trust what the speaker was saying.,5c093a8c-0786-4161-ae72-cd8ba290b9f4,62,1,9,1,1,4,3,3,38018,,MControl
2018-12-06 08:07:30,2018-12-06 08:10:41,IP Address,98.14.244.150,100,191,True,2018-12-06 08:10:42,R_scfX77gyyyC8yTD,,,,,40.6815948486328125,-73.97979736328125,anonymous,EN,Ketogenic,,5c093aff-1a5c-4002-8744-dab25b1cb17a,36,2,8,6,1,5,4,1,11201,,FControl
2018-12-06 08:07:40,2018-12-06 08:10:43,IP Address,73.10.31.177,100,183,True,2018-12-06 08:10:43,R_1fZPlfqfmMfFPD6,,,,,39.9477996826171875,-74.90360260009765625,anonymous,EN,Pritikin,I do not trust what the speaker was saying.,5c093b14-19d5-4837-8d42-7c4cd93f34e4,44,2,22,5,1,6,1,1,08057,,MTreatment
2018-12-06 08:08:39,2018-12-06 08:12:51,IP Address,67.176.165.20,100,251,True,2018-12-06 08:12:51,R_3KVCchbHbjnjRMY,,,,,41.290802001953125,-88.2823028564453125,anonymous,EN,Paleo,,5c093a8e-7f12-4c8d-9ef1-678e803637d5,30,1,2,16,15,6,1,2,60450,,MControl
2018-12-06 08:14:36,2018-12-06 08:15:13,IP Address,172.58.23.132,100,36,True,2018-12-06 08:15:14,R_3HtNlGwRuu8wRyR,,,,,33.4944000244140625,-112.21320343017578125,anonymous,EN,Paleo,,5c093c9d-f58d-4624-873a-d7cc51f9579d,21,2,1,2,14,8,4,4,90059,,FTreatment
2018-12-06 07:59:16,2018-12-06 08:15:20,IP Address,50.82.110.179,100,963,True,2018-12-06 08:15:20,R_3NzaHncd6QtqQiE,,,,,43.14990234375,-93.19539642333984375,anonymous,EN,Ketogenic,,5c093902-511d-4050-879f-43be6207c5c4,58,2,13,1,1,3,2,2,50470,,MTreatment
2018-12-06 08:11:34,2018-12-06 08:16:31,IP Address,207.225.186.157,100,297,True,2018-12-06 08:16:31,R_25YEDDIe5oP2DtR,,,,,33.4665069580078125,-111.9983978271484375,anonymous,EN,Ketogenic,,5c093aaf-b1a6-4694-96de-ac45298bcbea,30,2,13,1,2,4,1,4,85040,,FTreatment
2018-12-06 08:09:18,2018-12-06 08:16:50,IP Address,68.186.89.212,100,452,True,2018-12-06 08:16:51,R_DnIAeGl2vQpedwd,,,,,46.252197265625,-119.287994384765625,anonymous,EN,Pritikin,I trust what the speaker was saying.,5c093a5a-6757-4c17-afb1-1f3e8bcf3200,58,2,1,1,1,4,1,4,97838,,FControl
2018-12-06 08:16:16,2018-12-06 08:19:46,IP Address,99.100.213.88,100,209,True,2018-12-06 08:19:46,R_1OuSR8OVvmB8XGY,,,,,36.3551025390625,-119.300994873046875,anonymous,EN,Ketogenic,,5c093cf3-280d-42fa-9e77-34053d224445,49,2,9,16,2,4,3,4,93277,,MControl
2018-12-06 08:25:59,2018-12-06 08:29:13,IP Address,71.77.67.25,100,194,True,2018-12-06 08:29:13,R_1o6heQ4zDlWZRUw,,,,,35.681304931640625,-78.597503662109375,anonymous,EN,Ketogenic,,5c093f61-b205-4abc-bca5-aebbf66425c6,36,1,-3105,16,15,6,5,3,27603,,FControl
2018-12-06 08:39:15,2018-12-06 08:42:02,IP Address,184.91.92.221,100,166,True,2018-12-06 08:42:02,R_3fl7gYkpPS3mO9E,,,,,28.3773956298828125,-81.1887969970703125,anonymous,EN,Paleo,,5c094266-1570-4224-a20e-2bf696050f86,38,2,3,1,1,2,4,3,34744,,MTreatment
2018-12-06 08:41:50,2018-12-06 08:42:31,IP Address,108.72.57.113,100,40,True,2018-12-06 08:42:31,R_O3VxhCJVHecC8Ol,,,,,35.244903564453125,-81.21939849853515625,anonymous,EN,Paleo,,5c09431c-bbdb-4b22-a26b-e0787bd5d530,45,2,22,1,1,7,4,3,28056,,MTreatment
2018-12-06 08:39:27,2018-12-06 08:42:35,IP Address,107.77.220.93,100,188,True,2018-12-06 08:42:36,R_1OkO7UbfryEs8ui,,,,,29.414794921875,-98.4600982666015625,anonymous,EN,Pritikin,I trust what the speaker was saying.,5c09427c-e4d2-4ab2-ae36-7fbe74c3f568,44,2,10,1,1,2,1,3,78247,,FTreatment
2018-12-06 08:39:16,2018-12-06 08:42:41,IP Address,71.130.206.193,100,205,True,2018-12-06 08:42:42,R_1GK7SirkxLMZ6eO,,,,,34.100494384765625,-118.32540130615234375,anonymous,EN,Pritikin,I trust what the speaker was saying.,5c09427d-c2f7-4fe5-a79b-9e45ee0f70ba,64,1,6,1,1,6,2,4,90028,,MControl
2018-12-06 08:39:36,2018-12-06 08:42:44,IP Address,69.197.82.35,100,187,True,2018-12-06 08:42:44,R_1CDOY3l01a2JCy6,,,,,42.8271942138671875,-88.74289703369140625,anonymous,EN,Paleo,,5c094295-17dd-48cb-9db0-cf4e7aa09bfa,39,2,8,1,1,5,2,2,53546,,MTreatment
2018-12-06 08:39:39,2018-12-06 08:42:54,IP Address,24.129.211.66,100,194,True,2018-12-06 08:42:54,R_ABspH1PcIBLjyO5,,,,,31.2971038818359375,-86.49050140380859375,anonymous,EN,Ketogenic,,5c094267-3ccf-46f6-b2a1-cc1cceefb63d,37,2,10,1,1,6,3,3,36421,,MControl
2018-12-06 08:41:00,2018-12-06 08:42:57,IP Address,107.77.231.202,100,116,True,2018-12-06 08:42:57,R_2e2PSGTmYl2QQvC,,,,,33.887298583984375,-117.89459991455078125,anonymous,EN,Ketogenic,,5c0942e9-f8ac-4225-ba6c-69aa840b3250,38,2,21,6,14,6,2,4,96706,,FControl
2018-12-06 08:39:38,2018-12-06 08:43:05,IP Address,72.213.7.52,100,207,True,2018-12-06 08:43:06,R_3nxD5QezC6G1eKb,,,,,41.291900634765625,-95.99990081787109375,anonymous,EN,Paleo,,5c094282-c281-4014-aff1-38602fc342ad,32,2,1,1,1,2,3,2,68111,,FControl
2018-12-06 08:39:39,2018-12-06 08:43:16,IP Address,174.255.14.35,100,216,True,2018-12-06 08:43:16,R_D01NYRsDfw4SWDT,,,,,37.751007080078125,-97.82199859619140625,anonymous,EN,Pritikin,I trust what the speaker was saying.,5c094272-2a56-4708-a5b9-f7587f2732df,27,2,9,1,1,4,9,2,47012,,FTreatment
2018-12-06 08:39:49,2018-12-06 08:43:18,IP Address,76.17.226.118,100,209,True,2018-12-06 08:43:18,R_yNH7YmKUW1S04vf,,,,,45.1284027099609375,-93.45890045166015625,anonymous,EN,Ketogenic,,5c094297-0750-4235-a098-8642cb0994dc,40,2,8,1,1,3,1,2,55369,,MTreatment
2018-12-06 08:39:57,2018-12-06 08:43:22,IP Address,174.84.224.111,100,205,True,2018-12-06 08:43:23,R_ZsCUkCYnLnRvdeh,,,,,43.4197998046875,-85.7593994140625,anonymous,EN,Pritikin,I do not trust what the speaker was saying.,5c0942a3-cb6d-4551-b114-e247a8ee58aa,27,2,3,1,1,4,4,2,49337,,FTreatment
2018-12-06 08:40:24,2018-12-06 08:43:43,IP Address,8.36.244.165,100,198,True,2018-12-06 08:43:43,R_1g1jbjWh5LI5zFI,,,,,38.8805999755859375,-98.8594970703125,anonymous,EN,Ketogenic,,5c094287-1b54-4bc2-b8fc-fc69f3b4c960,34,2,15,1,1,5,4,2,67644,,MTreatment
2018-12-06 08:42:37,2018-12-06 08:43:44,IP Address,68.6.98.132,100,66,True,2018-12-06 08:43:44,R_bKoMo42eBhip5bH,,,,,34.4037933349609375,-119.71939849853515625,anonymous,EN,Paleo,,5c0942fb-76c0-4284-b7ea-487832c97522,32,2,4,15,2,7,1,4,93111,,MControl
2018-12-06 08:39:28,2018-12-06 08:43:45,IP Address,173.26.104.86,100,256,True,2018-12-06 08:43:45,R_28U0Xt0GPho3L8U,,,,,34.778900146484375,-86.54380035400390625,anonymous,EN,Paleo,,5c094288-a057-4653-a3dd-809c07349445,68,2,2,1,1,2,10,3,29681,,FControl
2018-12-06 08:39:59,2018-12-06 08:43:52,IP Address,206.162.239.100,100,233,True,2018-12-06 08:43:52,R_3khu6w2SAEUARzt,,,,,36.7306060791015625,-120.0724029541015625,anonymous,EN,Paleo,,5c094295-4f94-46ba-b84e-2a4e5eb1760c,33,2,9,16,2,4,10,4,93726,,MControl
2018-12-06 08:40:58,2018-12-06 08:44:18,IP Address,174.109.51.5,100,199,True,2018-12-06 08:44:18,R_x48WPLAwkPn3ftD,,,,,35.681304931640625,-78.597503662109375,anonymous,EN,Pritikin,I trust what the speaker was saying.,5c0942d2-9b72-4060-ba72-a3f22cdc9148,69,2,5,1,1,4,3,3,27603,,MControl
2018-12-06 08:41:11,2018-12-06 08:44:25,IP Address,104.136.19.105,100,193,True,2018-12-06 08:44:25,R_2Ytu5Ud7EgnmZPk,,,,,28.5973968505859375,-81.30359649658203125,anonymous,EN,Pritikin,I trust what the speaker was saying.,5c0942ea-57a5-46d7-acc6-0993b0c17752,72,2,22,1,1,5,2,3,32707,,FControl
2018-12-06 08:41:00,2018-12-06 08:44:28,IP Address,68.97.181.162,100,207,True,2018-12-06 08:44:28,R_1k1fG0Lz3mjggJ2,,,,,35.4604034423828125,-97.3419036865234375,anonymous,EN,Paleo,,5c094291-9d8c-46a6-914b-a2b19ed38595,27,2,10,1,1,6,10,3,73110,,FTreatment
2018-12-06 08:40:48,2018-12-06 08:44:47,IP Address,71.60.143.43,100,239,True,2018-12-06 08:44:48,R_2dKpmI9YfwFM915,,,,,40.2926025390625,-79.41030120849609375,anonymous,EN,Pritikin,I trust what the speaker was saying.,5c0942c8-b572-488d-98b9-ad4499580f26,37,1,9,1,1,6,1,1,15627,,FTreatment
2018-12-06 08:41:41,2018-12-06 08:45:01,IP Address,209.131.241.253,100,199,True,2018-12-06 08:45:01,R_1Edi1UbHPHuVuXG,,,,,28.800994873046875,-81.73400115966796875,anonymous,EN,Pritikin,I do not trust what the speaker was saying.,5c094306-ffe4-4e83-8431-b3da98c6514b,95,2,4,1,1,2,2,3,32778,,MControl
2018-12-06 08:42:07,2018-12-06 08:45:07,IP Address,164.106.244.201,100,179,True,2018-12-06 08:45:07,R_3pcmWSv4QaeaRyW,,,,,37.4781951904296875,-77.5854034423828125,anonymous,EN,Paleo,,5c09432d-6500-49ff-9aaf-1b5573b6d89e,62,2,12,1,12,4,1,3,24382,,FControl
2018-12-06 08:43:22,2018-12-06 08:46:48,IP Address,174.215.46.57,100,205,True,2018-12-06 08:46:48,R_1q9aBQHPSZE2t1V,,,,,37.7165985107421875,-121.92259979248046875,anonymous,EN,Pritikin,I do not trust what the speaker was saying.,5c094362-e927-44b7-a368-e7f561f0e3ca,62,2,19,1,1,7,1,4,94030,,FTreatment
2018-12-06 08:41:44,2018-12-06 08:46:50,IP Address,73.116.43.68,100,305,True,2018-12-06 08:46:50,R_W80d6nbhSbty53P,,,,,38.553802490234375,-121.74179840087890625,anonymous,EN,Pritikin,I do not trust what the speaker was saying.,5c0942a1-1081-423c-a8b1-adb85b391b97,70,2,20,7,1,6,1,4,95616,,MTreatment
2018-12-06 08:47:05,2018-12-06 08:47:33,IP Address,108.207.230.201,100,27,True,2018-12-06 08:47:33,R_2arTtzSzCVQqVJB,,,,,37.704803466796875,-97.363800048828125,anonymous,EN,Ketogenic,,5c09443c-5610-4735-9e5d-8783fcbf29b1,71,1,6,3,1,4,4,2,67204,,FTreatment
2018-12-06 08:43:18,2018-12-06 08:47:39,IP Address,108.251.202.144,100,260,True,2018-12-06 08:47:39,R_RWDlVBKMWkYX6ql,,,,,42.468505859375,-82.99739837646484375,anonymous,EN,Pritikin,I trust what the speaker was saying.,5c094276-a276-416c-a96d-872a8f20f8a1,40,2,2,1,1,2,1,2,48089,,FTreatment
2018-12-06 08:46:46,2018-12-06 08:50:34,IP Address,174.228.13.41,100,227,True,2018-12-06 08:50:34,R_232KRoUH6xrUYJS,,,,,27.4499969482421875,-82.37729644775390625,anonymous,EN,Pritikin,I trust what the speaker was saying.,5c09441f-ef07-487c-bf38-4f12f80ae6e4,66,1,2,1,1,5,9,3,34221,,MControl
2018-12-06 08:48:37,2018-12-06 08:50:37,IP Address,173.89.130.54,100,119,True,2018-12-06 08:50:37,R_2y4xGQjKN9lD2UJ,,,,,44.1811065673828125,-88.4792022705078125,anonymous,EN,Paleo,,5c094437-cacc-43cd-b2e0-35e026b5224f,36,1,18,1,1,7,10,3,33165,,FControl
2018-12-06 08:47:41,2018-12-06 08:50:40,IP Address,207.62.170.221,100,178,True,2018-12-06 08:50:40,R_2VjyISVjR1y3T3P,,,,,35.282806396484375,-120.65959930419921875,anonymous,EN,Ketogenic,,5c09446c-3029-4626-90d9-7e3aeecfab8e,37,1,3,1,2,1,1,4,93402,,MTreatment
2018-12-06 08:50:29,2018-12-06 08:51:03,IP Address,68.231.29.236,100,33,True,2018-12-06 08:51:03,R_PNGofmllMBL4KwV,,,,,33.2487030029296875,-111.63430023193359375,anonymous,EN,Paleo,,5c0942e5-a034-42a5-a7c6-9a26334743b6,66,2,5,1,1,4,2,4,85128,,FControl
2018-12-06 08:51:45,2018-12-06 08:54:54,IP Address,68.84.113.188,100,188,True,2018-12-06 08:54:54,R_3gY4AdFoYgKwqfj,,,,,39.73779296875,-75.5496978759765625,anonymous,EN,Ketogenic,,5c094543-004f-40fe-90f2-c787968c8dfc,50,1,3,1,1,2,1,3,19720,,FTreatment
2018-12-06 08:44:21,2018-12-06 08:55:11,IP Address,216.49.38.155,100,649,True,2018-12-06 08:55:11,R_2UXFmZEoNW1d8XJ,,,,,41.1284942626953125,-75.0131988525390625,anonymous,EN,Paleo,,5c094366-c414-4953-a43e-f0a36e8f8e0e,53,2,14,1,1,6,9,1,18428,,MTreatment
2018-12-06 08:55:18,2018-12-06 08:56:30,IP Address,107.184.223.31,100,71,True,2018-12-06 08:56:30,R_1g6lg20ATkyvh9H,,,,,34.2555999755859375,-118.42079925537109375,anonymous,EN,Pritikin,I trust what the speaker was saying.,5c094621-5ae0-43cf-bc72-3227668d5ab3,21,2,-3105,15,2,-3105,10,4,91331,,MTreatment
2018-12-06 08:50:00,2018-12-06 08:57:14,IP Address,24.239.117.11,100,434,True,2018-12-06 08:57:14,R_2dt2rJaCB6Q72cX,,,,,41.6338043212890625,-80.1488037109375,anonymous,EN,Ketogenic,,5c0944b3-c3ef-4f58-9e05-f4af8b3aa7c1,67,1,6,1,1,2,4,1,16335,,MControl
2018-12-06 08:54:26,2018-12-06 08:57:39,IP Address,104.173.14.231,100,192,True,2018-12-06 08:57:39,R_10B4z3uHn8SvQbc,,,,,34.2006988525390625,-118.53910064697265625,anonymous,EN,Ketogenic,,5c0943ea-f25a-484a-a7d5-9c68c0a66332,33,2,5,15,2,1,3,4,91335,,FControl
2018-12-06 08:54:45,2018-12-06 08:58:05,IP Address,172.58.175.254,100,200,True,2018-12-06 08:58:05,R_3HXOuK7RxfaXtVj,,,,,28.4944000244140625,-81.29019927978515625,anonymous,EN,Pritikin,I do not trust what the speaker was saying.,5c094283-ab87-4e90-bf63-5c3dcdef97d9,29,2,1,1,1,2,4,3,34669,,FTreatment
2018-12-06 08:57:09,2018-12-06 09:00:04,IP Address,24.190.37.115,100,174,True,2018-12-06 09:00:04,R_3HYqr1tzl1DLrIn,,,,,40.8014984130859375,-72.8675994873046875,anonymous,EN,Pritikin,I trust what the speaker was saying.,5c09469c-a6df-4426-af80-93c3cee306ab,49,1,-3105,1,1,2,4,1,11967,,MTreatment
2018-12-06 08:55:47,2018-12-06 09:00:25,IP Address,107.77.165.4,100,277,True,2018-12-06 09:00:26,R_1LFGUtXfquVvAj3,,,,,34.0543975830078125,-118.2440032958984375,anonymous,EN,Pritikin,I trust what the speaker was saying.,5c094613-883b-44d0-b352-a3d8aef91d67,64,1,2,1,1,4,3,4,80203,,FTreatment
2018-12-06 08:59:59,2018-12-06 09:00:28,IP Address,108.240.191.82,100,28,True,2018-12-06 09:00:28,R_1ghVAhDR5bkgr7i,,,,,38.566192626953125,-121.3285980224609375,anonymous,EN,Ketogenic,,5c09474a-0121-4f09-88b9-bdd2dda95ebe,55,2,1,2,1,2,1,4,95307,,MControl
2018-12-06 08:57:49,2018-12-06 09:01:05,IP Address,68.228.214.52,100,195,True,2018-12-06 09:01:05,R_tJVpTrcZDUGcK0F,,,,,31.8542938232421875,-111.00029754638671875,anonymous,EN,Pritikin,I do not trust what the speaker was saying.,5c0946d5-0661-431c-bf15-0fc1a9243a56,59,1,16,1,1,-3105,5,4,85622,,FControl
2018-12-06 08:57:44,2018-12-06 09:01:11,IP Address,100.8.11.22,100,207,True,2018-12-06 09:01:12,R_pc3OoA92DEkCtS9,,,,,40.8184967041015625,-74.15889739990234375,anonymous,EN,Ketogenic,,5c0946c8-4d3c-4414-9133-5542da478866,59,1,7,1,1,6,9,1,07110,,MControl
2018-12-06 09:00:09,2018-12-06 09:01:32,IP Address,204.147.2.12,100,83,True,2018-12-06 09:01:33,R_2ZTXuj2VLFDlIJR,,,,,43.1204986572265625,-89.35230255126953125,anonymous,EN,Paleo,,5c09473d-a211-46eb-a1cc-a315f3b176a3,32,1,9,15,2,5,7,2,53528,,FTreatment
2018-12-06 08:58:35,2018-12-06 09:01:35,IP Address,192.156.110.12,100,179,True,2018-12-06 09:01:35,R_2c1pQpimGicV0TV,,,,,41.69140625,-71.5767974853515625,anonymous,EN,Ketogenic,,5c0946eb-69b4-446b-ad22-6b0342b4686d,31,1,13,1,1,6,1,2,48827,,FTreatment
2018-12-06 08:59:36,2018-12-06 09:02:41,IP Address,71.1.103.15,100,184,True,2018-12-06 09:02:41,R_2dyh0iaJvtfZqAZ,,,,,37.7675933837890625,-92.21050262451171875,anonymous,EN,Pritikin,I trust what the speaker was saying.,5c09474a-92a7-4456-8473-ecfdddc7fcfe,60,1,6,1,1,6,10,2,65018,,MTreatment
2018-12-06 08:59:42,2018-12-06 09:02:55,IP Address,70.185.241.241,100,193,True,2018-12-06 09:02:56,R_AdrU10J6fD066aJ,,,,,36.2863006591796875,-95.82219696044921875,anonymous,EN,Ketogenic,,5c094733-0985-4c1d-ba92-0fec2fce877c,63,1,-3105,1,1,6,10,3,74103,,MControl
2018-12-06 09:00:41,2018-12-06 09:04:06,IP Address,76.18.210.1,100,205,True,2018-12-06 09:04:06,R_2c5dY7UUqOwcR86,,,,,30.0814971923828125,-81.547698974609375,anonymous,EN,Paleo,,5c094786-5556-4be1-a0bd-c6651b9d6a58,58,1,18,1,1,6,10,3,32223,,MTreatment
2018-12-06 09:01:17,2018-12-06 09:04:54,IP Address,198.27.241.81,100,216,True,2018-12-06 09:04:54,R_3kBq3qTcpLpJzwo,,,,,37.7592926025390625,-122.4835968017578125,anonymous,EN,Pritikin,I trust what the speaker was saying.,5c094735-6e51-44ed-9bbf-3a3b7f90f950,45,2,19,5,1,4,1,4,94122,,FTreatment
2018-12-06 09:00:56,2018-12-06 09:04:58,IP Address,141.126.157.174,100,242,True,2018-12-06 09:04:59,R_2DOl2jnvoZ9H8L0,,,,,44.9369049072265625,-91.3928985595703125,anonymous,EN,Paleo,,5c094775-f01e-4c43-9572-d409d7bdad1c,56,1,14,1,1,4,3,2,54701,,MControl
2018-12-06 09:03:14,2018-12-06 09:06:25,IP Address,149.43.252.5,100,190,True,2018-12-06 09:06:25,R_bD6H8sdZ1sIKSoF,,,,,42.8231048583984375,-75.54340362548828125,anonymous,EN,Ketogenic,,5c094815-4db9-4bd9-b883-1e8fc52968d2,39,1,20,1,1,7,1,1,13346,,FControl
2018-12-06 09:15:26,2018-12-06 09:18:17,IP Address,69.180.125.49,100,171,True,2018-12-06 09:18:18,R_3KTONJ3TTtvbMXC,,,,,25.997406005859375,-80.324798583984375,anonymous,EN,Ketogenic,,5c094aef-d580-42e6-9f9a-4aba7e5cfa44,38,1,22,5,1,7,2,3,33029,,MTreatment
2018-12-06 09:23:19,2018-12-06 09:24:04,IP Address,172.58.75.202,100,45,True,2018-12-06 09:24:05,R_WdJIJ6j0XHRwWnT,,,,,36.1233978271484375,-115.1428985595703125,anonymous,EN,Ketogenic,,5c094c28-10bd-47cf-9c44-ef7f5c83d714,58,2,1,2,1,2,4,4,89048,,MControl
2018-12-06 09:24:26,2018-12-06 09:25:14,IP Address,108.215.160.8,100,47,True,2018-12-06 09:25:14,R_1FaEeFfkyCQEltt,,,,,30.485992431640625,-91.148101806640625,anonymous,EN,Paleo,,5c094cf8-3bc8-4ea6-9bae-1c9920395ce7,38,1,2,16,1,2,1,3,70810,,FTreatment
2018-12-06 09:25:30,2018-12-06 09:26:54,IP Address,24.179.99.18,100,83,True,2018-12-06 09:26:54,R_ZDBrz9P6Wn5v1GV,,,,,34.8285064697265625,-82.35160064697265625,anonymous,EN,Ketogenic,,5c094d2c-37d9-4c2c-9bf4-5f7fb4b4120d,29,2,7,2,1,5,9,3,29687,,FTreatment
2018-12-06 09:22:53,2018-12-06 09:27:20,IP Address,99.203.17.147,100,266,True,2018-12-06 09:27:20,R_2DLZjeAkMQtl7se,,,,,38.9647064208984375,-76.96489715576171875,anonymous,EN,Ketogenic,,5c094c8c-ac63-4d04-b179-430273656439,20,1,1,2,1,4,10,3,21239,,FTreatment
2018-12-06 09:23:45,2018-12-06 09:27:21,IP Address,69.122.130.171,100,216,True,2018-12-06 09:27:21,R_2rDisai6vYhBlXT,,,,,40.6761932373046875,-73.87359619140625,anonymous,EN,Pritikin,I trust what the speaker was saying.,5c094c69-08b7-4329-940e-06e8c89211b2,53,2,10,2,1,6,1,1,11208,,MControl
2018-12-06 09:27:22,2018-12-06 09:27:40,IP Address,104.156.116.108,100,17,True,2018-12-06 09:27:40,R_3ERQQ3uN8f7Bobj,,,,,37.5160980224609375,-82.517303466796875,anonymous,EN,Ketogenic,,5c094dd0-8175-4704-ba2d-6f39dec9e8ac,51,1,9,3,5,1,1,3,41604,,MControl
2018-12-06 09:28:08,2018-12-06 09:28:27,IP Address,108.246.25.99,100,19,True,2018-12-06 09:28:28,R_Rs3brVOjS6jGkox,,,,,33.8795928955078125,-84.50229644775390625,anonymous,EN,Paleo,,5c094dfc-2820-4141-b014-9b4ba96b1518,34,2,12,2,1,7,1,3,30080,,MControl
2018-12-06 09:25:19,2018-12-06 09:28:31,IP Address,205.132.248.6,100,191,True,2018-12-06 09:28:31,R_3G8nwHGW0l9zaWX,,,,,37.42449951171875,-122.2960052490234375,anonymous,EN,Paleo,,5c094d38-41b0-4c29-8e9e-7315e7e832e5,29,2,14,1,2,5,2,4,94061,,MTreatment
2018-12-06 09:25:46,2018-12-06 09:28:39,IP Address,75.49.209.12,100,172,True,2018-12-06 09:28:39,R_ystDInwIm6jEb6h,,,,,42.319793701171875,-88.44770050048828125,anonymous,EN,Pritikin,I do not trust what the speaker was saying.,5c094d68-de5c-4e35-904d-b4885feb0c90,46,2,11,1,1,6,1,2,60123,,MTreatment
2018-12-06 09:26:06,2018-12-06 09:29:27,IP Address,71.68.165.30,100,200,True,2018-12-06 09:29:27,R_e9gLMQobYVe0a89,,,,,34.3755950927734375,-80.084197998046875,anonymous,EN,Paleo,,5c094d4d-9c18-4516-8af4-fee4797748c1,36,2,3,1,1,4,10,3,29550,,MControl
2018-12-06 09:26:22,2018-12-06 09:29:30,IP Address,137.49.138.173,100,188,True,2018-12-06 09:29:31,R_qO8oJeeVyNuE9vX,,,,,41.7899932861328125,-72.745697021484375,anonymous,EN,Pritikin,I trust what the speaker was saying.,5c094d7e-0097-43ff-81a1-995e3402f203,22,2,-3105,2,1,4,4,1,06117,,MTreatment
2018-12-06 09:26:30,2018-12-06 09:29:38,IP Address,198.207.185.200,100,188,True,2018-12-06 09:29:38,R_AFZWrA2U19N2E2B,,,,,37.751007080078125,-97.82199859619140625,anonymous,EN,Ketogenic,,5c094d76-bfa0-49d0-a79e-e50290de6e98,33,1,11,1,1,6,2,3,32258,,FControl
2018-12-06 09:27:14,2018-12-06 09:29:54,IP Address,173.19.162.240,100,159,True,2018-12-06 09:29:54,R_2tFHpdhBCJxe0cK,,,,,41.5487060546875,-93.58270263671875,anonymous,EN,Paleo,,5c094da3-975c-490c-99d8-8969210a3a61,20,2,-3105,15,2,2,10,2,50320,,MTreatment
2018-12-06 09:26:55,2018-12-06 09:30:02,IP Address,75.85.101.146,100,186,True,2018-12-06 09:30:02,R_da5jt8hhFHnazT3,,,,,21.31170654296875,-157.829803466796875,anonymous,EN,Pritikin,I do not trust what the speaker was saying.,5c094d93-6f8f-495f-96df-a777394c992a,40,2,10,7,1,7,2,4,96822,,FTreatment
2018-12-06 09:26:35,2018-12-06 09:30:04,IP Address,108.230.134.43,100,208,True,2018-12-06 09:30:04,R_3KCIXBf3PQ9kbYB,,,,,33.8842010498046875,-84.3760986328125,anonymous,EN,Ketogenic,,5c094d7e-8a65-4dca-878f-810763b0b672,53,2,23,1,1,6,10,3,30328,,FControl
2018-12-06 09:26:43,2018-12-06 09:30:05,IP Address,174.48.214.37,100,201,True,2018-12-06 09:30:05,R_3GxZvlRkUUlzlSH,,,,,27.3094024658203125,-80.345001220703125,anonymous,EN,Ketogenic,,5c094d92-7cea-4e80-acec-cb586f3dce9d,62,2,14,1,1,6,10,1,04046,,MControl
2018-12-06 09:26:54,2018-12-06 09:30:16,IP Address,73.64.203.71,100,202,True,2018-12-06 09:30:17,R_1g5umOBf6brvliL,,,,,40.07110595703125,-76.69660186767578125,anonymous,EN,Ketogenic,,5c094d8c-ee60-4c5d-b596-d22dee803c04,62,2,2,1,1,2,10,1,17370,,FTreatment
2018-12-06 09:28:34,2018-12-06 09:30:22,IP Address,67.191.65.116,100,108,True,2018-12-06 09:30:23,R_2AWpGO18FxSNWJC,,,,,26.656005859375,-80.12599945068359375,anonymous,EN,Paleo,,5c094d5a-d387-420d-ac68-03e8d0ec340e,73,1,12,1,1,5,7,3,33436,,FTreatment
2018-12-06 09:26:38,2018-12-06 09:30:26,IP Address,172.248.192.122,100,227,True,2018-12-06 09:30:26,R_8Hv9qSqx4eZCRG1,,,,,33.914306640625,-118.34930419921875,anonymous,EN,Paleo,,5c094d98-8089-48d0-a36d-d2c20b9e58e6,19,2,-3105,1,1,1,2,4,90250,,MTreatment
2018-12-06 09:27:37,2018-12-06 09:30:29,IP Address,76.124.202.55,100,172,True,2018-12-06 09:30:30,R_2QLGPfrExFjUUDH,,,,,39.944793701171875,-75.22879791259765625,anonymous,EN,Paleo,,5c094dd3-d150-4058-94c5-82287b4643d4,27,1,3,2,1,4,2,1,19151,,MTreatment
2018-12-06 09:27:19,2018-12-06 09:30:33,IP Address,66.87.135.98,100,193,True,2018-12-06 09:30:33,R_1DvzjYtulbMnMDv,,,,,38.5178070068359375,-121.44189453125,anonymous,EN,Ketogenic,,5c094d7d-5a10-4344-b402-93658cd6c472,21,1,1,1,7,4,1,4,95616,,MTreatment
2018-12-06 09:27:12,2018-12-06 09:30:39,IP Address,76.73.248.233,100,207,True,2018-12-06 09:30:39,R_2EnRVpELQ1LESEi,,,,,32.7993011474609375,-80.0059967041015625,anonymous,EN,Paleo,,5c094da8-18cd-49e4-8ce4-c05448b5d97b,57,2,19,1,1,7,9,3,29407,,MTreatment
2018-12-06 09:27:23,2018-12-06 09:31:49,IP Address,107.77.232.63,100,266,True,2018-12-06 09:31:50,R_2qwVscSL86hfjzp,,,,,37.751007080078125,-97.82199859619140625,anonymous,EN,Ketogenic,,5c094d81-a7cf-4c81-9ad0-d33a91c157ae,39,2,8,3,1,4,3,3,28164,,MTreatment
2018-12-06 09:28:50,2018-12-06 09:32:20,IP Address,172.58.143.148,100,210,True,2018-12-06 09:32:21,R_3R24JE3cxDe6FbH,,,,,41.920196533203125,-87.75350189208984375,anonymous,EN,Ketogenic,,5c094dff-8628-4098-9611-505b4f4b3938,53,2,8,2,1,4,1,3,72401,,FControl
2018-12-06 09:29:20,2018-12-06 09:33:07,IP Address,216.241.207.166,100,226,True,2018-12-06 09:33:07,R_3Hv8p9P26Ru4NdN,,,,,37.6183929443359375,-112.17350006103515625,anonymous,EN,Pritikin,I trust what the speaker was saying.,5c094d84-cdb4-4dab-b5b0-70dcf9ce0c66,61,2,8,1,1,6,1,4,84741,,MControl
2018-12-06 09:32:01,2018-12-06 09:33:42,IP Address,24.113.86.230,100,100,True,2018-12-06 09:33:42,R_3PTRS8F5aJhq7H0,,,,,47.542694091796875,-122.58709716796875,anonymous,EN,Paleo,,5c094da9-f0eb-41fc-a29a-65bca70abe79,24,2,-3105,1,1,3,7,4,98366,,FTreatment
2018-12-06 09:31:09,2018-12-06 09:36:31,IP Address,108.31.165.56,100,322,True,2018-12-06 09:36:32,R_1jqwNZ83hvWCD6x,,,,,38.882904052734375,-76.989501953125,anonymous,EN,Pritikin,I trust what the speaker was saying.,5c094e2d-3e0d-4eb9-a2f9-37572370588e,24,1,21,1,1,4,2,3,20024,,FControl
2018-12-06 09:36:35,2018-12-06 09:39:57,IP Address,75.136.204.93,100,201,True,2018-12-06 09:39:57,R_1ITa22PyFsLyFpv,,,,,36.54840087890625,-82.561798095703125,anonymous,EN,Ketogenic,,5c094fa2-0c0f-44b1-bf6c-ee30909ce715,52,1,1,3,1,1,10,3,37857,,FControl
2018-12-06 09:36:49,2018-12-06 09:40:15,IP Address,99.203.128.170,100,205,True,2018-12-06 09:40:15,R_3OkbUippOsyWG8W,,,,,42.1949005126953125,-83.4853973388671875,anonymous,EN,Pritikin,I trust what the speaker was saying.,5c094fce-eb38-4419-bb75-1257651fc4ef,39,1,9,1,1,4,4,1,16001,,MControl
2018-12-06 09:33:56,2018-12-06 09:41:42,IP Address,66.87.149.186,100,466,True,2018-12-06 09:41:43,R_1mel0l3DVDnzs36,,,,,28.5803070068359375,-81.43959808349609375,anonymous,EN,Ketogenic,,5c094f46-ab13-4c06-8003-0328c4d7ced2,58,1,7,1,1,5,7,3,32177,,FTreatment
2018-12-06 09:39:12,2018-12-06 09:42:15,IP Address,23.112.233.20,100,183,True,2018-12-06 09:42:16,R_1gGTVclu6x1NfRZ,,,,,44.546295166015625,-88.1020965576171875,anonymous,EN,Pritikin,I do not trust what the speaker was saying.,5c09503a-bb91-4c34-9968-edaf814ae1b9,59,1,1,1,1,3,7,2,54304,,MTreatment
2018-12-06 09:40:21,2018-12-06 09:42:23,IP Address,107.242.117.3,100,121,True,2018-12-06 09:42:23,R_AHREVyfrVFY2wY9,,,,,39.9611968994140625,-82.99880218505859375,anonymous,EN,Ketogenic,,5c095096-4f10-43ab-b0a0-423cab0afa3a,20,1,1,2,15,2,1,1,14611,,FTreatment
2018-12-06 09:44:27,2018-12-06 09:47:33,IP Address,174.198.9.66,100,186,True,2018-12-06 09:47:34,R_1AdqaBEEzViz7Ud,,,,,42.0962066650390625,-88.29019927978515625,anonymous,EN,Ketogenic,,5c0951b9-1306-4014-a980-a4737256f27c,26,1,8,1,1,4,4,2,61115,,MControl
2018-12-06 09:45:10,2018-12-06 09:48:28,IP Address,64.237.227.161,100,198,True,2018-12-06 09:48:28,R_1C8fUf9bpkGzdug,,,,,18.420806884765625,-66.0615997314453125,anonymous,EN,Ketogenic,,5c094293-198e-4dad-b01f-313599a49906,34,2,-3105,1,14,6,7,3,34264,,FControl
2018-12-06 09:45:30,2018-12-06 09:48:43,IP Address,174.59.121.21,100,192,True,2018-12-06 09:48:43,R_3esQ9h7RAY8Xknw,,,,,40.155303955078125,-76.60250091552734375,anonymous,EN,Pritikin,I trust what the speaker was saying.,5c0951e5-dded-4895-a1ab-9f51f6055dcd,37,1,19,1,1,7,10,1,17552,,FTreatment
2018-12-06 09:51:41,2018-12-06 09:55:28,IP Address,172.92.219.145,100,227,True,2018-12-06 09:55:28,R_1dK10v4tABjqzB1,,,,,48.1761016845703125,-122.52099609375,anonymous,EN,Pritikin,I trust what the speaker was saying.,5c095359-1889-4b73-8e3f-e3488f0052a1,24,1,20,15,1,4,4,4,98235,,MTreatment
2018-12-06 09:54:14,2018-12-06 09:57:44,IP Address,12.180.242.66,100,210,True,2018-12-06 09:57:45,R_2zdn4x2ZM2CT2Df,,,,,37.01739501953125,-86.4517974853515625,anonymous,EN,Ketogenic,,5c09539d-a3a4-4571-98a5-5bae42e349f9,24,1,9,1,1,2,9,3,42164,,FControl
2018-12-06 09:55:21,2018-12-06 09:58:57,IP Address,174.59.95.218,100,215,True,2018-12-06 09:58:58,R_3jYXxSYihnOGzK4,,,,,40.5670928955078125,-76.32689666748046875,anonymous,EN,Pritikin,I trust what the speaker was saying.,5c09540b-1efe-437a-8bed-aee9deb95990,31,1,5,1,1,4,7,1,17963,,MTreatment
2018-12-06 10:11:15,2018-12-06 10:11:27,IP Address,67.169.130.194,100,12,True,2018-12-06 10:11:27,R_3EYa7yxGPHC9BpS,,,,,38.1053009033203125,-122.24739837646484375,anonymous,EN,Ketogenic,,5c095819-b754-4470-9a6c-f85e884288cf,33,2,1,1,1,7,7,4,94510,,MControl
2018-12-06 10:09:47,2018-12-06 10:12:53,IP Address,67.174.190.106,100,186,True,2018-12-06 10:12:53,R_vvLVpvb9xGDCPZf,,,,,38.8076019287109375,-104.74030303955078125,anonymous,EN,Pritikin,I trust what the speaker was saying.,5c0957b6-dd5c-44f7-a7b5-7ab8d49829d0,47,2,9,1,12,4,1,4,80909,,FTreatment
2018-12-06 10:12:20,2018-12-06 10:15:29,IP Address,71.203.83.93,100,188,True,2018-12-06 10:15:29,R_2cnqk5ENd0qBRsx,,,,,29.12530517578125,-82.00859832763671875,anonymous,EN,Ketogenic,,5c095848-6494-47b9-b211-3b56f4cba6d3,24,2,4,1,1,2,2,3,34472,,MControl
2018-12-06 10:14:49,2018-12-06 10:15:29,IP Address,74.131.205.218,100,40,True,2018-12-06 10:15:30,R_TdBTCQoJX6W3n8d,,,,,38.1929931640625,-87.6992034912109375,anonymous,EN,Pritikin,I do not trust what the speaker was saying.,5c095868-ec95-44b2-b34d-d4c0655e6c12,34,2,3,1,1,1,1,2,47612,,FControl
2018-12-06 10:12:20,2018-12-06 10:15:32,IP Address,50.32.180.44,100,192,True,2018-12-06 10:15:32,R_Zf5UloRSW4AGZz3,,,,,40.100494384765625,-76.08010101318359375,anonymous,EN,Pritikin,I do not trust what the speaker was saying.,5c095817-3d4d-486f-8653-ad64b016a173,55,2,4,1,1,6,3,1,19612,,MControl
2018-12-06 10:12:29,2018-12-06 10:15:37,IP Address,174.54.0.44,100,187,True,2018-12-06 10:15:37,R_2fk3MEbf429jiLQ,,,,,39.8195037841796875,-77.9073028564453125,anonymous,EN,Paleo,,5c095802-9a66-4fa4-9ad7-941d2811f31e,28,2,1,1,1,2,8,1,17236,,FTreatment
2018-12-06 10:12:28,2018-12-06 10:15:58,IP Address,67.1.104.248,100,210,True,2018-12-06 10:15:58,R_3hszFZUxTCEEdKm,,,,,32.26910400390625,-110.9844970703125,anonymous,EN,Pritikin,I trust what the speaker was saying.,5c095860-2cb0-4820-b009-05cdb9356476,30,2,1,1,1,2,4,4,85743,,MTreatment
2018-12-06 10:13:22,2018-12-06 10:16:38,IP Address,65.28.53.235,100,195,True,2018-12-06 10:16:38,R_33l3QHRvv1KBeHE,,,,,42.532501220703125,-88.04779815673828125,anonymous,EN,Ketogenic,,5c09587a-073c-4108-98ba-34260ba1be02,38,2,21,1,1,4,10,2,53104,,FControl
2018-12-06 10:13:27,2018-12-06 10:17:18,IP Address,99.203.15.36,100,231,True,2018-12-06 10:17:19,R_RaeWxpI5S79Ieo9,,,,,41.8489990234375,-87.7156982421875,anonymous,EN,Ketogenic,,5c095877-25e8-46cd-9a31-3313014374a8,34,1,14,1,1,2,7,2,60706,,FTreatment
2018-12-06 10:16:25,2018-12-06 10:20:00,IP Address,66.87.143.46,100,214,True,2018-12-06 10:20:00,R_2XngVFKuBhbl7Fu,,,,,41.6381072998046875,-93.62030029296875,anonymous,EN,Ketogenic,,5c095943-59b5-46ad-a4d5-11dc5787ddd7,54,2,6,1,1,6,5,2,52001,,FControl
2018-12-06 10:18:57,2018-12-06 10:20:23,IP Address,69.41.6.68,100,85,True,2018-12-06 10:20:23,R_2ZWAGpTproRjx7W,,,,,42.9933929443359375,-84.1595001220703125,anonymous,EN,Paleo,,5c095991-2b44-4526-bd15-bf56cf892e5d,22,2,1,1,1,2,7,2,48867,,MControl
2018-12-06 10:16:49,2018-12-06 10:20:35,IP Address,71.14.124.144,100,225,True,2018-12-06 10:20:37,R_2OVdDxkAl6JS98f,,,,,34.1663055419921875,-77.8722991943359375,anonymous,EN,Paleo,,5c09594e-ff37-40aa-985f-9e98f71753aa,78,1,10,1,1,2,4,3,28409,,MControl
2018-12-06 10:20:21,2018-12-06 10:20:43,IP Address,107.77.253.6,100,21,True,2018-12-06 10:20:43,R_1f2g0Fw7zN4BxDO,,,,,28.6343994140625,-81.622100830078125,anonymous,EN,Paleo,,5c095a11-01d3-4722-a5ad-567aa56f46dc,22,1,1,2,1,1,1,3,39066,,FTreatment
2018-12-06 10:17:21,2018-12-06 10:20:57,IP Address,131.93.12.78,100,215,True,2018-12-06 10:20:57,R_1ozN4IqbRYE4pJb,,,,,44.0496063232421875,-92.48960113525390625,anonymous,EN,Ketogenic,,5c095902-dbde-4c7d-af3b-8c46abc7f15f,43,1,24,1,1,6,1,3,22314,,FTreatment
2018-12-06 10:20:34,2018-12-06 10:21:24,IP Address,63.143.194.76,100,49,True,2018-12-06 10:21:24,R_3fNqKzQVNG0ALYn,,,,,40.662506103515625,-73.91449737548828125,anonymous,EN,Paleo,,5c0959f3-3a48-4932-ae64-9ec52d1c4cb9,85,1,3,1,1,2,1,1,11223,,MTreatment
2018-12-06 10:18:26,2018-12-06 10:21:53,IP Address,69.132.72.109,100,207,True,2018-12-06 10:21:54,R_21hYBZwe164tt6b,,,,,35.3572998046875,-80.20439910888671875,anonymous,EN,Paleo,,5c095991-4a52-42e3-84cf-142360c0aa5b,62,1,6,1,1,2,10,3,28127,,MTreatment
2018-12-06 10:20:01,2018-12-06 10:23:20,IP Address,107.242.117.2,100,198,True,2018-12-06 10:23:20,R_DorQUuAo9qoulXP,,,,,37.751007080078125,-97.82199859619140625,anonymous,EN,Ketogenic,,5c0959ea-83a3-4ef8-a6ed-0071ab336378,38,1,19,16,1,5,1,1,12033,,FControl
2018-12-06 10:22:40,2018-12-06 10:23:29,IP Address,67.81.92.108,100,48,True,2018-12-06 10:23:29,R_1Le5QXBiZfNGmzY,,,,,40.778106689453125,-73.481597900390625,anonymous,EN,Paleo,,5c095ac9-2689-4ee8-ba03-5191407f3cc2,36,1,9,1,14,4,1,1,11756,,FControl
2018-12-06 10:16:03,2018-12-06 10:24:31,IP Address,129.113.77.38,100,508,True,2018-12-06 10:24:32,R_2Sdf1ZGAzZFmsD2,,,,,26.279205322265625,-98.183197021484375,anonymous,EN,Ketogenic,,5c0958fa-0254-49cc-ad54-f12d7a29ead1,64,2,12,1,2,4,2,3,78539,,FTreatment
2018-12-06 10:21:21,2018-12-06 10:24:32,IP Address,172.56.28.182,100,191,True,2018-12-06 10:24:33,R_UstT2oEHOlLXUgF,,,,,39.944793701171875,-75.22879791259765625,anonymous,EN,Ketogenic,,5c095a69-ae65-43d7-9f63-6e329142f95e,20,1,6,2,1,2,1,1,19138,,FTreatment
2018-12-06 10:21:21,2018-12-06 10:24:40,IP Address,174.64.164.218,100,198,True,2018-12-06 10:24:40,R_BCVaPXTph65xg3v,,,,,30.024505615234375,-91.749603271484375,anonymous,EN,Pritikin,I trust what the speaker was saying.,5c095a6f-962f-4d4d-a785-fe6b4c186f69,19,1,1,2,1,4,2,3,70560,,FTreatment
2018-12-06 10:21:34,2018-12-06 10:24:43,IP Address,45.48.130.94,100,189,True,2018-12-06 10:24:43,R_1MSvWTgOd3ZLbek,,,,,33.7787017822265625,-118.026702880859375,anonymous,EN,Ketogenic,,5c095a80-8c6b-4a70-9adf-c1f131e9a457,63,1,18,1,1,6,1,4,92845,,MControl
2018-12-06 10:22:19,2018-12-06 10:25:56,IP Address,172.58.173.96,100,216,True,2018-12-06 10:25:56,R_YSNbs4gHwY3fcel,,,,,28.00909423828125,-82.5034027099609375,anonymous,EN,Pritikin,I trust what the speaker was saying.,5c095a95-a034-4a9b-a4a5-d03cda9f2337,52,1,19,1,1,4,5,3,33618,,FControl
2018-12-06 10:23:02,2018-12-06 10:25:57,IP Address,76.98.163.120,100,175,True,2018-12-06 10:25:58,R_262XyaGnWg4mo0S,,,,,40.0178070068359375,-75.08950042724609375,anonymous,EN,Ketogenic,,5c095add-dccd-42d3-9431-1f7f8203ad32,49,2,2,2,1,3,1,1,19144,,MTreatment
2018-12-06 10:23:30,2018-12-06 10:27:06,IP Address,148.142.64.56,100,215,True,2018-12-06 10:27:06,R_QnPlTIX4oY85TI5,,,,,39.9712066650390625,-86.1244964599609375,anonymous,EN,Pritikin,I do not trust what the speaker was saying.,5c095aeb-62eb-4bea-82e9-7c614e85f25a,42,1,13,1,1,6,5,2,46037,,MControl
2018-12-06 10:25:22,2018-12-06 10:28:50,IP Address,107.242.117.10,100,208,True,2018-12-06 10:28:50,R_2axGumP7NpR0Vsn,,,,,39.9611968994140625,-82.99880218505859375,anonymous,EN,Paleo,,5c09598d-9ac6-4a05-8e08-12e6b3a7558c,55,1,1,1,1,1,4,1,16038,,MControl
2018-12-06 10:25:04,2018-12-06 10:29:00,IP Address,73.146.248.74,100,236,True,2018-12-06 10:29:00,R_3en29uqnypgT2Cl,,,,,39.7095947265625,-86.2613983154296875,anonymous,EN,Ketogenic,,5c095b40-57b9-45d0-a02f-933f37a5994e,45,1,-3105,1,1,2,10,2,46221,,FControl
2018-12-06 10:24:57,2018-12-06 10:29:10,IP Address,174.236.151.56,100,252,True,2018-12-06 10:29:10,R_2V4tcdq5qbPrq6o,,,,,35.2322998046875,-89.85089874267578125,anonymous,EN,Ketogenic,,5c095af5-8df9-4475-9f7c-573ac65aa05c,50,1,3,1,1,2,7,3,71857,,MTreatment
2018-12-06 10:28:01,2018-12-06 10:29:21,IP Address,172.56.26.207,100,80,True,2018-12-06 10:29:21,R_2ZNO6rjxCR4qjPZ,,,,,28.4871063232421875,-81.408203125,anonymous,EN,Paleo,,5c095be2-a189-4a1a-a237-b4d5e2026f04,28,1,3,15,2,4,1,3,32818,,MControl
2018-12-06 10:25:56,2018-12-06 10:30:26,IP Address,174.255.195.93,100,269,True,2018-12-06 10:30:26,R_3RkksldJVAUwHW9,,,,,37.751007080078125,-97.82199859619140625,anonymous,EN,Pritikin,I trust what the speaker was saying.,5c095b4c-f3f4-404d-b21b-7b9440570467,53,1,3,1,1,4,2,3,38574,,FTreatment
2018-12-06 10:27:19,2018-12-06 10:30:54,IP Address,184.54.3.47,100,214,True,2018-12-06 10:30:54,R_50Sxa1KaY9K9Bm1,,,,,39.15240478515625,-84.59670257568359375,anonymous,EN,Pritikin,I trust what the speaker was saying.,5c095ba9-9647-4d3e-9d57-ba558de18a0e,61,1,1,2,1,2,7,2,45211,,FControl
2018-12-06 10:29:31,2018-12-06 10:32:46,IP Address,67.171.176.214,100,194,True,2018-12-06 10:32:46,R_1ihCuUpeaqWxtCX,,,,,45.498504638671875,-122.7787017822265625,anonymous,EN,Paleo,,5c095c4a-2555-4ca9-8e18-fab79c44e80f,31,1,9,1,1,7,1,4,97225,,FTreatment
2018-12-06 10:32:37,2018-12-06 10:32:55,IP Address,174.254.67.189,100,17,True,2018-12-06 10:32:55,R_2taQqyJjxm7X01L,,,,,37.751007080078125,-97.82199859619140625,anonymous,EN,Ketogenic,,5c095ced-949b-48ab-aa0a-790068f2e9c2,27,2,3,2,1,5,9,1,07003,,FTreatment
2018-12-06 10:32:32,2018-12-06 10:35:32,IP Address,50.35.0.121,100,179,True,2018-12-06 10:35:32,R_AGWo0QSguv8XyeJ,,,,,47.86199951171875,-122.253204345703125,anonymous,EN,Paleo,,5c095d19-f0fd-42a4-8c48-876027834cff,42,1,14,1,1,5,2,4,98087,,MTreatment
2018-12-06 10:34:07,2018-12-06 10:37:18,IP Address,136.57.2.61,100,191,True,2018-12-06 10:37:18,R_2zGSrpnpTz27SSw,,,,,35.288604736328125,-80.82089996337890625,anonymous,EN,Paleo,,5c095d4c-3fcd-4e7b-a20a-bbbf6bee5894,38,1,8,16,1,5,4,3,28273,,FControl
2018-12-06 10:32:53,2018-12-06 10:42:28,IP Address,100.33.154.76,100,575,True,2018-12-06 10:42:28,R_2OOAoM7AvRHP9a3,,,,,40.8520050048828125,-73.91290283203125,anonymous,EN,Ketogenic,,5c095d09-6761-4a73-8764-b0753b2dd9c8,37,2,6,15,14,5,1,1,10453,,MControl
2018-12-06 10:42:33,2018-12-06 10:45:06,IP Address,108.95.175.219,100,153,True,2018-12-06 10:45:07,R_2y4qhbN2pCLEWCs,,,,,26.1255035400390625,-80.26439666748046875,anonymous,EN,Ketogenic,,5c095f68-d1b1-4d13-8ce2-1d2ccc9cffcb,32,1,5,4,1,5,9,3,33322,,MControl
2018-12-06 10:42:15,2018-12-06 10:46:02,IP Address,174.28.236.156,100,226,True,2018-12-06 10:46:03,R_pguIW6AMCjbbe2R,,,,,35.13470458984375,-106.5222015380859375,anonymous,EN,Pritikin,I trust what the speaker was saying.,5c095efc-2d16-4838-aed0-c2ad48336d39,36,1,9,15,2,-3105,5,4,87301,,MTreatment
2018-12-06 10:49:56,2018-12-06 10:53:30,IP Address,167.88.161.106,100,214,True,2018-12-06 10:53:31,R_3e5pwmDY7wpkQzb,,,,,41.1033935546875,-104.9058990478515625,anonymous,EN,Pritikin,I trust what the speaker was saying.,5c0960f0-decd-471d-84cb-d6c79699d0b3,32,1,22,4,1,7,10,4,90003,,FControl
2018-12-06 10:58:35,2018-12-06 10:59:10,IP Address,172.58.23.196,100,35,True,2018-12-06 10:59:10,R_2uq8jTnecMiU6jk,,,,,33.4944000244140625,-112.21320343017578125,anonymous,EN,Paleo,,5c09631f-474a-4c58-ad1a-36a7589ec74e,60,1,2,1,1,4,10,4,85022,,MControl
2018-12-06 10:57:22,2018-12-06 11:00:28,IP Address,68.203.182.226,100,186,True,2018-12-06 11:00:28,R_2VDzpfMrgesAtNy,,,,,32.591400146484375,-96.772796630859375,anonymous,EN,Paleo,,5c0962d8-c8fa-45f6-9d73-3c5efca49c71,30,2,16,1,1,6,7,3,75146,,MTreatment
2018-12-06 10:57:22,2018-12-06 11:00:36,IP Address,66.17.105.136,100,193,True,2018-12-06 11:00:36,R_1P75xRdL3fgqpex,,,,,44.30560302734375,-96.7913970947265625,anonymous,EN,Paleo,,5c0962c9-8d2a-4d6b-a5ef-65294829fdfa,52,2,7,1,1,6,4,2,57006,,FTreatment
2018-12-06 10:58:32,2018-12-06 11:01:02,IP Address,108.227.73.195,100,149,True,2018-12-06 11:01:02,R_cYfJ7hbpDzy9kOZ,,,,,30.8332061767578125,-88.0933990478515625,anonymous,EN,Ketogenic,,5c096305-31dc-4ce2-97c3-d08bd692e408,63,1,12,2,1,3,1,3,36571,,FControl
2018-12-06 10:58:34,2018-12-06 11:01:40,IP Address,172.56.4.183,100,185,True,2018-12-06 11:01:40,R_3g5Gcj3WKA8kjtC,,,,,34.8000946044921875,-82.3932037353515625,anonymous,EN,Pritikin,I trust what the speaker was saying.,5c09631e-a3e1-4b81-9d08-3f9619ab411a,23,2,3,15,14,5,1,3,29687,,MTreatment
2018-12-06 10:58:29,2018-12-06 11:01:52,IP Address,216.249.230.121,100,203,True,2018-12-06 11:01:53,R_tQU2IcUlogrM6LT,,,,,43.7093963623046875,-98.0298004150390625,anonymous,EN,Pritikin,I trust what the speaker was saying.,5c0962ea-588e-476d-87a8-987c78e96c94,60,2,17,2,1,6,3,2,57301,,FTreatment
2018-12-06 10:57:43,2018-12-06 11:02:01,IP Address,96.83.47.86,100,258,True,2018-12-06 11:02:02,R_cOPs3Y1ZOEqGZtn,,,,,29.7223052978515625,-95.62850189208984375,anonymous,EN,Ketogenic,,5c0962df-ba83-4e33-b4c8-350821a6146c,60,1,8,1,1,6,9,3,77082,,MControl
2018-12-06 10:56:40,2018-12-06 11:02:43,IP Address,76.125.142.27,100,362,True,2018-12-06 11:02:43,R_2z5R8G3QVidZzEI,,,,,40.3191070556640625,-79.72049713134765625,anonymous,EN,Pritikin,I do not trust what the speaker was saying.,5c0962b1-c78e-4971-99af-38773e695e17,69,2,6,1,1,5,1,1,15601,,FTreatment
2018-12-06 10:59:41,2018-12-06 11:02:51,IP Address,107.77.223.169,100,190,True,2018-12-06 11:02:51,R_28IYgev09I9ngbo,,,,,40.77630615234375,-73.95290374755859375,anonymous,EN,Ketogenic,,5c09634a-18f8-4d7e-96d8-195ce25e548d,43,2,3,15,12,4,7,1,14418,,MTreatment
2018-12-06 11:01:44,2018-12-06 11:02:58,IP Address,172.58.59.104,100,73,True,2018-12-06 11:02:58,R_1Iz69stqqn7GtPk,,,,,39.7584075927734375,-104.91770172119140625,anonymous,EN,Pritikin,I trust what the speaker was saying.,5c09639d-fccd-4a2b-aae9-a009836be3b0,21,1,1,1,15,2,7,4,80120,,FControl
2018-12-06 11:01:55,2018-12-06 11:03:23,IP Address,173.52.93.241,100,87,True,2018-12-06 11:03:23,R_26eCrtCHi9TFmL1,,,,,40.7277069091796875,-73.7489013671875,anonymous,EN,Ketogenic,,5c096397-e8aa-439d-b6c6-6a8665dbe7e6,33,2,4,10,1,2,2,1,11427,,MControl
2018-12-06 11:01:03,2018-12-06 11:04:15,IP Address,174.80.62.64,100,192,True,2018-12-06 11:04:16,R_1qamahGkvWOw6uO,,,,,35.6156005859375,-87.03800201416015625,anonymous,EN,Ketogenic,,5c09639b-db44-4df3-b8ed-6233da3db349,20,2,2,1,1,4,10,3,35645,,FControl
2018-12-06 11:01:13,2018-12-06 11:04:32,IP Address,47.145.230.205,100,198,True,2018-12-06 11:04:32,R_3spRAklU7KCBmHQ,,,,,34.07330322265625,-117.698699951171875,anonymous,EN,Pritikin,I do not trust what the speaker was saying.,5c09634f-63d5-486b-84ae-c7de3bbba042,30,2,19,1,1,4,2,4,91711,,FTreatment
2018-12-06 11:01:25,2018-12-06 11:04:42,IP Address,47.209.59.183,100,197,True,2018-12-06 11:04:43,R_UbaNoy8Rge3Wb8B,,,,,36.6217041015625,-121.7935028076171875,anonymous,EN,Pritikin,I trust what the speaker was saying.,5c0963bf-ab74-4e7c-b247-bdcc7823781d,35,2,6,1,1,2,9,4,93955,,FTreatment
2018-12-06 11:02:16,2018-12-06 11:05:30,IP Address,98.163.0.116,100,193,True,2018-12-06 11:05:30,R_3fAEAaHKT44bhjE,,,,,37.2584075927734375,-79.9806976318359375,anonymous,EN,Ketogenic,,5c0963c2-64ee-4c17-9b67-740e31a86534,36,2,4,1,1,1,2,3,24015,,MTreatment
2018-12-06 11:04:40,2018-12-06 11:07:54,IP Address,174.221.11.170,100,194,True,2018-12-06 11:07:54,R_2s4h72ZdDtrpDiP,,,,,41.7523040771484375,-88.24530029296875,anonymous,EN,Pritikin,I trust what the speaker was saying.,5c096481-a204-4c44-8f1a-e3816d048ca7,25,1,1,1,1,4,2,2,62025,,MControl
2018-12-06 11:05:19,2018-12-06 11:10:00,IP Address,69.241.15.178,100,280,True,2018-12-06 11:10:00,R_1lhgFbZukCWPwt6,,,,,40.57940673828125,-111.88159942626953125,anonymous,EN,Paleo,,5c096489-665c-4c13-8a33-21a17099f7ad,33,1,9,1,1,6,4,4,84094,,FTreatment
2018-12-06 11:07:26,2018-12-06 11:11:06,IP Address,70.171.16.41,100,220,True,2018-12-06 11:11:06,R_1HcSP1FqAJk7Riz,,,,,29.6132049560546875,-82.387298583984375,anonymous,EN,Ketogenic,,5c0964a6-f837-4a48-a821-3fae34bd05b3,24,1,1,1,3,2,1,3,33166,,MTreatment
2018-12-06 11:06:12,2018-12-06 11:11:21,IP Address,172.56.5.107,100,309,True,2018-12-06 11:11:22,R_3HUMoqjhO4oA9WL,,,,,37.751007080078125,-97.82199859619140625,anonymous,EN,Ketogenic,,5c096480-d3d0-4957-9e02-a15450d465a4,47,1,12,2,1,4,7,3,29742,,MControl
2018-12-06 11:10:40,2018-12-06 11:13:41,IP Address,23.240.62.212,100,180,True,2018-12-06 11:13:42,R_sohqEdfdp4dHspH,,,,,33.920806884765625,-117.45890045166015625,anonymous,EN,Pritikin,I trust what the speaker was saying.,5c0965c5-2477-469f-880e-ea4d71fc15d3,43,2,9,15,2,2,3,4,92570,,MTreatment
2018-12-06 11:12:51,2018-12-06 11:13:46,IP Address,207.163.116.26,100,54,True,2018-12-06 11:13:46,R_beZVVIfBMKv1ORr,,,,,37.5605010986328125,-121.99990081787109375,anonymous,EN,Paleo,,5c09667f-eb5b-4558-8107-bf18419bd724,23,1,1,4,1,2,1,4,94539,,MTreatment
2018-12-06 11:10:46,2018-12-06 11:13:46,IP Address,68.129.143.95,100,180,True,2018-12-06 11:13:46,R_RlZVynlXPpjWcrD,,,,,41.1157989501953125,-74.04740142822265625,anonymous,EN,Ketogenic,,5c0965eb-11d1-420c-9836-fb78ca758076,33,1,1,2,1,7,3,1,10960,,MTreatment
2018-12-06 11:10:25,2018-12-06 11:14:05,IP Address,45.27.231.115,100,220,True,2018-12-06 11:14:05,R_2SIa9leEZuVhwqJ,,,,,36.0919952392578125,-80.3224029541015625,anonymous,EN,Pritikin,I do not trust what the speaker was saying.,5c0965b8-a734-4c52-b192-109c708a9b46,67,1,19,1,1,6,1,3,27103,,FTreatment
2018-12-06 11:12:38,2018-12-06 11:15:51,IP Address,162.239.79.87,100,192,True,2018-12-06 11:15:51,R_VL0VzXT7gFmz0E9,,,,,28.569305419921875,-99.57810211181640625,anonymous,EN,Ketogenic,,5c096642-a229-4ef8-a4b1-59d41af43f5f,44,1,1,15,2,3,1,3,78839,,FControl
2018-12-06 11:12:49,2018-12-06 11:15:51,IP Address,174.232.40.53,100,181,True,2018-12-06 11:15:51,R_3qri0iZlg0KTwx0,,,,,37.751007080078125,-97.82199859619140625,anonymous,EN,Ketogenic,,5c09666d-f570-40a7-9211-98c64b640218,27,1,9,1,1,6,4,2,44136,,FTreatment
2018-12-06 11:10:02,2018-12-06 11:16:28,IP Address,98.238.252.209,100,386,True,2018-12-06 11:16:29,R_pnsVjwOhVxPjZhn,,,,,38.556793212890625,-121.4929046630859375,anonymous,EN,Ketogenic,,5c096541-e1df-42c7-8772-f72330a76147,66,1,1,1,1,4,5,4,95815,,FControl
2018-12-06 11:16:16,2018-12-06 11:17:11,IP Address,98.127.68.67,100,55,True,2018-12-06 11:17:11,R_xDBnnJRD7zxg0AV,,,,,37.9546051025390625,-103.664398193359375,anonymous,EN,Paleo,,5c0966e2-1c75-4c37-abd8-faf6e3f3cd42,34,1,1,15,2,1,4,4,81039,,FControl
2018-12-06 11:14:10,2018-12-06 11:17:50,IP Address,174.194.20.110,100,220,True,2018-12-06 11:17:51,R_ebKTkp3it0PPhWV,,,,,34.9680938720703125,-81.04889678955078125,anonymous,EN,Paleo,,5c0966bb-5c14-456a-8f4c-822398a4a33e,41,1,4,16,1,3,4,3,29605,,FTreatment
2018-12-06 11:15:10,2018-12-06 11:19:22,IP Address,174.81.59.177,100,251,True,2018-12-06 11:19:22,R_3oHOweuWt6LOlr5,,,,,34.480194091796875,-117.408203125,anonymous,EN,Pritikin,I trust what the speaker was saying.,5c096684-c5a4-4713-8936-e92f4c2c2943,59,2,6,2,1,2,3,4,92394,,MControl
2018-12-06 11:19:31,2018-12-06 11:22:28,IP Address,68.108.229.100,100,177,True,2018-12-06 11:22:28,R_22nogztxuwlpMBq,,,,,30.3072967529296875,-90.94049835205078125,anonymous,EN,Paleo,,5c0967d9-d85a-4aae-8b36-ce665b945d85,21,1,23,1,1,2,1,3,70737,,MTreatment
2018-12-06 11:19:55,2018-12-06 11:25:57,IP Address,174.49.77.177,100,362,True,2018-12-06 11:25:57,R_2dYzHSkmsmCdLiN,,,,,34.2321014404296875,-84.15799713134765625,anonymous,EN,Pritikin,I trust what the speaker was saying.,5c0967b3-5b20-4785-b9e9-65f3adf6053f,38,1,8,1,1,6,9,3,30041,,FTreatment
2018-12-06 11:36:07,2018-12-06 11:40:47,IP Address,174.215.37.88,100,280,True,2018-12-06 11:40:48,R_1isWP2xJzH4la0Q,,,,,37.7194976806640625,-122.44110107421875,anonymous,EN,Pritikin,I trust what the speaker was saying.,5c095b96-34ec-43d5-94ec-e2792672764e,25,1,13,1,1,1,7,4,95453,,FControl
2018-12-06 11:43:06,2018-12-06 11:43:23,IP Address,172.58.7.64,100,17,True,2018-12-06 11:43:23,R_2VkbNOOHpEZTeJU,,,,,33.9844970703125,-84.15290069580078125,anonymous,EN,Paleo,,5c096d86-ab2d-48ea-b3d9-2622107a2b5e,20,2,1,2,1,2,1,3,30016,,MTreatment
2018-12-06 11:43:07,2018-12-06 11:43:29,IP Address,38.109.112.112,100,22,True,2018-12-06 11:43:29,R_3iL5jVh5TL4Mzni,,,,,40.7261962890625,-73.9795989990234375,anonymous,EN,Ketogenic,,5c096d89-a577-4f70-9a1f-61a2ea6a1253,46,1,20,1,1,6,10,1,10010,,MTreatment
2018-12-06 11:44:27,2018-12-06 11:44:40,IP Address,50.205.228.28,100,13,True,2018-12-06 11:44:41,R_PwlzI2RcEBLqOgV,,,,,42.39630126953125,-71.032501220703125,anonymous,EN,Pritikin,I do not trust what the speaker was saying.,5c096df6-a985-486e-91d8-a85c1e93bf5e,27,1,8,1,1,6,10,1,01844,,MControl
2018-12-06 11:43:13,2018-12-06 11:45:37,IP Address,70.60.125.18,100,143,True,2018-12-06 11:45:37,R_rkywfYseZqQzvUJ,,,,,35.220001220703125,-80.7881011962890625,anonymous,EN,Paleo,,5c096d88-5051-4403-bf23-0efd3a48556f,27,2,10,1,1,6,5,3,28202,,MTreatment
2018-12-06 11:42:46,2018-12-06 11:46:15,IP Address,162.39.191.137,100,208,True,2018-12-06 11:46:16,R_Dpf0uFhyAhMKm2t,,,,,35.2295074462890625,-92.3578033447265625,anonymous,EN,Ketogenic,,5c096d68-b8d7-43d2-8b32-332d7be7c67e,57,2,3,1,1,2,4,3,72845,,MControl
2018-12-06 11:42:51,2018-12-06 11:46:15,IP Address,99.60.190.238,100,203,True,2018-12-06 11:46:16,R_3PADdAKjygvSj5q,,,,,42.425994873046875,-83.2494964599609375,anonymous,EN,Ketogenic,,5c096d83-a40f-4134-9408-354df652453b,26,2,1,2,1,5,2,2,48239,,MControl
2018-12-06 11:42:56,2018-12-06 11:46:36,IP Address,174.236.145.112,100,220,True,2018-12-06 11:46:36,R_XMuv2twhEtrOybL,,,,,34.741302490234375,-92.42220306396484375,anonymous,EN,Ketogenic,,5c096d56-2c20-4671-92f8-f0e664d1aa61,25,2,3,1,1,2,7,3,71730,,FTreatment
2018-12-06 11:43:08,2018-12-06 11:46:38,IP Address,73.21.64.2,100,210,True,2018-12-06 11:46:40,R_x9DUpGeelJeH8gV,,,,,31.6042938232421875,-81.8871002197265625,anonymous,EN,Pritikin,I trust what the speaker was saying.,5c096d79-3206-4220-b321-cef3007ba47e,47,2,4,1,1,2,1,3,31545,,FControl
2018-12-06 11:44:03,2018-12-06 11:46:52,IP Address,140.186.45.43,100,169,True,2018-12-06 11:46:52,R_DGjYxnL3PxqE7nP,,,,,43.4774932861328125,-96.7041015625,anonymous,EN,Ketogenic,,5c096dba-a78b-4691-bca3-4104eb9ebec2,71,1,8,1,1,4,9,2,57108,,MControl
2018-12-06 11:45:28,2018-12-06 11:48:48,IP Address,172.58.233.172,100,199,True,2018-12-06 11:48:48,R_325WMaXwfoWZgQV,,,,,40.723602294921875,-74.20149993896484375,anonymous,EN,Pritikin,I trust what the speaker was saying.,5c096e20-c43a-40d5-aba3-93a71eb5316c,72,1,6,1,1,8,10,3,20164,,MTreatment
2018-12-06 11:45:28,2018-12-06 11:48:50,IP Address,68.134.102.111,100,202,True,2018-12-06 11:48:50,R_3JjUwDrUYVzof4u,,,,,39.387603759765625,-76.54180145263671875,anonymous,EN,Ketogenic,,5c096e13-cee8-4581-8367-0d521ef10a9d,48,1,8,1,1,8,10,3,21237,,MControl
2018-12-06 11:45:37,2018-12-06 11:49:23,IP Address,184.152.84.224,100,226,True,2018-12-06 11:49:24,R_2zUePuVsBwSfVoN,,,,,41.615997314453125,-74.14389801025390625,anonymous,EN,Paleo,,5c096dbe-98a8-47ce-bb92-edb55a133e6c,67,1,4,1,1,4,9,1,12589,,FControl
2018-12-06 11:49:13,2018-12-06 11:49:47,IP Address,174.105.96.239,100,34,True,2018-12-06 11:49:47,R_1dtunL4RNYB4Jux,,,,,40.7303009033203125,-82.7938995361328125,anonymous,EN,Ketogenic,,5c096eb6-91e1-461d-96d1-ce0402b76bb9,18,1,1,2,1,1,7,2,44833,,FControl
2018-12-06 11:47:43,2018-12-06 11:50:51,IP Address,99.93.255.146,100,188,True,2018-12-06 11:50:51,R_2ZHrLpdL3hhFKtK,,,,,33.0579986572265625,-80.010101318359375,anonymous,EN,Ketogenic,,5c096e93-3601-4e3b-9765-d42ddf72b4f7,36,1,13,2,1,4,1,3,29445,,FTreatment
2018-12-06 11:49:34,2018-12-06 11:51:16,IP Address,70.113.27.98,100,102,True,2018-12-06 11:51:17,R_3rFYnPVtBR2RKjj,,,,,30.5059967041015625,-97.74720001220703125,anonymous,EN,Pritikin,I do not trust what the speaker was saying.,5c096ec0-55d5-4fe9-9fe7-7bce4e8faf57,32,1,4,1,1,2,4,3,78750,,FTreatment
2018-12-06 11:51:10,2018-12-06 11:54:09,IP Address,74.101.204.67,100,178,True,2018-12-06 11:54:10,R_3iJU9vrQ9QbwoE1,,,,,40.765106201171875,-73.98580169677734375,anonymous,EN,Paleo,,5c096f4d-7ddc-43d6-9073-06b2448c02a4,30,1,5,1,1,6,1,1,10069,,MControl
2018-12-06 11:43:11,2018-12-06 11:54:30,IP Address,74.83.83.7,100,679,True,2018-12-06 11:54:30,R_24wVhCz4gI1baPX,,,,,39.1071929931640625,-84.5019989013671875,anonymous,EN,Paleo,,5c096d6d-d1d0-494e-a723-595a41b8d4e5,27,2,1,1,1,2,2,2,45202,,FTreatment
2018-12-06 12:02:55,2018-12-06 12:06:56,IP Address,108.255.34.149,100,241,True,2018-12-06 12:06:56,R_2dJUZiJybOHe3Kl,,,,,37.2292022705078125,-95.71649932861328125,anonymous,EN,Pritikin,I trust what the speaker was saying.,5c097210-338b-4255-a9c7-57facbe66422,27,1,1,2,1,2,4,2,67301,,FControl
2018-12-06 12:14:15,2018-12-06 12:14:45,IP Address,47.216.95.145,100,29,True,2018-12-06 12:14:45,R_263ZaYOjqvbqQmZ,,,,,35.1060028076171875,-114.59470367431640625,anonymous,EN,Ketogenic,,5c0974b3-aecf-44ec-adb3-bea8dbe2e04b,18,1,-3105,16,2,2,1,4,86442,,FTreatment
2018-12-06 12:21:37,2018-12-06 12:25:11,IP Address,162.82.200.42,100,213,True,2018-12-06 12:25:11,R_OAUOFEWkDpHTGh3,,,,,42.4261016845703125,-83.195098876953125,anonymous,EN,Ketogenic,,5c097695-b3fe-4708-8c65-5d364a6cddad,45,1,18,1,14,4,4,2,48126,,FControl
2018-12-06 12:32:06,2018-12-06 12:32:19,IP Address,108.162.58.106,100,13,True,2018-12-06 12:32:20,R_ZCTQoUDodGc4slX,,,,,40.8153076171875,-73.90720367431640625,anonymous,EN,Paleo,,5c09790f-23ae-4fd9-b825-fa041e371b99,26,2,4,1,1,5,5,1,12603,,MControl
2018-12-06 12:30:33,2018-12-06 12:33:30,IP Address,172.58.200.196,100,177,True,2018-12-06 12:33:30,R_1ikeTgwRabOmnY1,,,,,40.036895751953125,-75.06639862060546875,anonymous,EN,Paleo,,5c0978a3-cd8e-462b-9412-626a78fd221b,31,2,4,2,1,2,1,3,19720,,MTreatment
2018-12-06 12:30:26,2018-12-06 12:33:31,IP Address,99.32.150.195,100,184,True,2018-12-06 12:33:31,R_2dFL8DYcTkrCCkn,,,,,39.9550933837890625,-82.803497314453125,anonymous,EN,Pritikin,I trust what the speaker was saying.,5c0978a5-3233-4360-a747-676897b58200,36,2,6,1,1,5,2,2,43232,,MTreatment
2018-12-06 12:30:30,2018-12-06 12:33:43,IP Address,74.177.43.81,100,192,True,2018-12-06 12:33:43,R_3qHX7nBQIKi7HCL,,,,,35.2212982177734375,-89.9412994384765625,anonymous,EN,Ketogenic,,5c097898-42b3-468b-ba52-7715306f3a23,51,2,19,1,1,6,5,3,38135,,FTreatment
2018-12-06 12:33:31,2018-12-06 12:34:24,IP Address,50.202.5.250,100,52,True,2018-12-06 12:34:24,R_31jhazAvucOhHgn,,,,,37.5583038330078125,-77.4844970703125,anonymous,EN,Paleo,,5c097957-6987-430e-a377-4a7464a992e4,23,2,7,1,1,6,3,3,23220,,MControl
2018-12-06 12:31:30,2018-12-06 12:34:33,IP Address,174.225.159.76,100,183,True,2018-12-06 12:34:33,R_1BRa7DUNDQR5aY2,,,,,40.76739501953125,-74.0323028564453125,anonymous,EN,Ketogenic,,5c0978a4-f3cf-4533-9900-eccebeb3858c,49,2,19,1,1,6,1,1,07002,,FTreatment
2018-12-06 12:34:54,2018-12-06 12:35:08,IP Address,99.203.91.191,100,14,True,2018-12-06 12:35:09,R_2SJkpvEiAIqx1DR,,,,,29.73480224609375,-95.522003173828125,anonymous,EN,Paleo,,5c0979b2-df5a-4280-8d3c-e5f07cb04e28,35,2,1,15,14,2,1,3,78368,,MTreatment
2018-12-06 12:33:06,2018-12-06 12:36:13,IP Address,50.29.219.109,100,186,True,2018-12-06 12:36:13,R_2vk73TfeCCgdKUj,,,,,40.773193359375,-76.3430023193359375,anonymous,EN,Ketogenic,,5c097945-1d53-4e95-accd-891ecdf0d83e,22,2,1,1,1,4,2,1,17921,,FControl
2018-12-06 12:32:49,2018-12-06 12:36:25,IP Address,96.42.115.41,100,216,True,2018-12-06 12:36:26,R_32VApiamKlmZi8z,,,,,45.5713043212890625,-94.2035980224609375,anonymous,EN,Pritikin,I trust what the speaker was saying.,5c0978f7-ed11-44a1-93ee-3f57f9eb319b,42,2,16,1,1,6,10,2,56303,,FControl
2018-12-06 12:34:12,2018-12-06 12:37:45,IP Address,100.2.225.164,100,213,True,2018-12-06 12:37:46,R_XHsDX6GOvlMbg5z,,,,,40.583892822265625,-73.9535980224609375,anonymous,EN,Paleo,,5c09797e-1032-43ca-86cf-f78fbe3d5a23,29,2,19,5,1,7,1,1,11229,,FTreatment
2018-12-06 12:34:42,2018-12-06 12:37:59,IP Address,174.104.2.131,100,196,True,2018-12-06 12:37:59,R_3IYs1XNyxwrXmc8,,,,,40.825897216796875,-81.33989715576171875,anonymous,EN,Ketogenic,,5c0978ea-fd00-40f7-b5cc-1566e17d7e8a,58,2,1,1,1,2,2,2,44714,,MTreatment
2018-12-06 12:34:58,2018-12-06 12:38:15,IP Address,68.206.206.60,100,197,True,2018-12-06 12:38:15,R_BQdgNqiftUW1Py1,,,,,29.217193603515625,-99.79309844970703125,anonymous,EN,Pritikin,I trust what the speaker was saying.,5c09799a-d30a-43f8-aceb-55ed6fc64176,22,2,3,1,2,2,2,3,78801,,FTreatment
2018-12-06 12:40:15,2018-12-06 12:45:08,IP Address,173.26.181.205,100,292,True,2018-12-06 12:45:08,R_1gh8YoWTRGl0Z33,,,,,43.14990234375,-93.19539642333984375,anonymous,EN,Ketogenic,,5c097a7a-7a25-4e04-96ac-4f98fe66b499,39,1,5,1,1,4,10,2,50401,,FControl
2018-12-06 12:41:10,2018-12-06 12:45:20,IP Address,97.104.203.19,100,250,True,2018-12-06 12:45:20,R_3PMFnmxkgIRI9uk,,,,,28.138397216796875,-80.65239715576171875,anonymous,EN,Pritikin,I do not trust what the speaker was saying.,5c097b15-324e-431e-9118-e13ed83c60ec,68,1,9,1,1,4,2,3,32935,,MControl
2018-12-06 12:53:53,2018-12-06 12:57:22,IP Address,108.239.202.77,100,208,True,2018-12-06 12:57:23,R_2SlsoDr3Sx8O0i2,,,,,35.10760498046875,-89.94570159912109375,anonymous,EN,Ketogenic,,5c097df1-5eae-44cb-843c-fac9726ff067,34,1,1,16,1,4,1,3,38111,,FControl
2018-12-06 12:58:51,2018-12-06 13:02:45,IP Address,172.114.152.245,100,233,True,2018-12-06 13:02:45,R_3KH2DjTSbMrC9bF,,,,,34.0487060546875,-118.208404541015625,anonymous,EN,Paleo,,5c097f12-13b1-4227-af08-53f45fd82c2f,45,1,-3105,16,2,-3105,1,4,90023,,FTreatment
2018-12-06 13:09:19,2018-12-06 13:13:08,IP Address,128.119.202.143,100,229,True,2018-12-06 13:13:08,R_1l4qFcAQZeR3WFk,,,,,42.39190673828125,-72.52480316162109375,anonymous,EN,Pritikin,I do not trust what the speaker was saying.,5c0981ce-5d46-48f9-8894-f1b6f07c05a6,32,1,14,10,1,6,1,1,02045,,MTreatment
2018-12-06 13:10:03,2018-12-06 13:14:15,IP Address,184.60.245.88,100,251,True,2018-12-06 13:14:15,R_1pKYCd4KHX2VJEa,,,,,34.87139892578125,-84.2115020751953125,anonymous,EN,Pritikin,I trust what the speaker was saying.,5c0981ed-b6b5-4c4a-ad2a-bac6650e3142,72,2,10,1,1,4,10,3,30560,,FTreatment
2018-12-06 13:12:04,2018-12-06 13:15:12,IP Address,68.67.250.126,100,187,True,2018-12-06 13:15:12,R_2SpFPX5A991Dxm4,,,,,36.00360107421875,-80.00360107421875,anonymous,EN,Ketogenic,,5c098266-ee2e-4e86-b359-8ad5eca254e7,31,2,19,1,1,7,2,3,27265,,FControl
2018-12-06 13:14:25,2018-12-06 13:17:55,IP Address,107.242.117.7,100,209,True,2018-12-06 13:17:55,R_3nTNdUPU6MTfBYe,,,,,37.751007080078125,-97.82199859619140625,anonymous,EN,Paleo,,5c098294-2f38-43dd-a51d-0ba7d67d65ff,34,2,3,1,1,3,10,1,15401,,MControl
2018-12-06 13:14:47,2018-12-06 13:18:14,IP Address,174.218.17.102,100,207,True,2018-12-06 13:18:15,R_dmd7DAW6wK8OQyB,,,,,33.8206024169921875,-84.35489654541015625,anonymous,EN,Ketogenic,,5c0982f7-52ad-4ae8-af63-3a54512c099a,19,2,19,1,1,4,5,3,30907,,MTreatment
2018-12-06 13:13:38,2018-12-06 13:18:14,IP Address,24.243.88.234,100,276,True,2018-12-06 13:18:15,R_3GB8os2fWnpBSun,,,,,32.6833038330078125,-96.59639739990234375,anonymous,EN,Ketogenic,,5c0982d5-8dcf-4c7e-a27a-9624b80cd703,26,2,7,2,1,6,2,3,75253,,MTreatment
2018-12-06 13:15:29,2018-12-06 13:18:42,IP Address,172.58.12.69,100,192,True,2018-12-06 13:18:42,R_2WYyu66xNnWL3RQ,,,,,25.9441070556640625,-80.2144012451171875,anonymous,EN,Pritikin,I trust what the speaker was saying.,5c09831e-d5f4-4f50-a2d7-e4a24fed1076,52,2,2,1,15,2,10,3,33066,,FTreatment
2018-12-06 13:14:49,2018-12-06 13:18:57,IP Address,108.197.45.19,100,247,True,2018-12-06 13:18:57,R_aWS3fIWKbLHYNc5,,,,,41.5157012939453125,-81.6405029296875,anonymous,EN,Pritikin,I trust what the speaker was saying.,5c098301-a615-472e-a780-3f860d4d6804,59,2,1,15,1,2,1,2,44103,,FControl
2018-12-06 13:17:57,2018-12-06 13:22:20,IP Address,104.231.197.206,100,263,True,2018-12-06 13:22:20,R_3lyrxkZDldCUyqv,,,,,43.1121978759765625,-87.99320220947265625,anonymous,EN,Ketogenic,,5c098387-c6d1-4bc3-a1d1-9d9a1d14d084,48,1,1,2,1,2,4,2,53225,,MControl
2018-12-06 13:25:55,2018-12-06 13:26:58,IP Address,98.209.217.197,100,63,True,2018-12-06 13:26:58,R_WwAcTkrlbVjKaKR,,,,,42.0731048583984375,-83.21269989013671875,anonymous,EN,Paleo,,5c098591-d921-4721-a319-4fde8b57192c,28,1,14,1,1,8,1,3,32837,,FControl
2018-12-06 13:24:42,2018-12-06 13:27:45,IP Address,73.14.26.208,100,183,True,2018-12-06 13:27:45,R_31zor9d9TuJNwgv,,,,,40.3849945068359375,-104.68060302734375,anonymous,EN,Paleo,,5c098551-9e1f-4e6c-be3d-d02d8699636b,41,1,1,1,2,3,10,4,80631,,FTreatment
2018-12-06 13:22:52,2018-12-06 13:28:59,IP Address,73.174.74.145,100,367,True,2018-12-06 13:29:00,R_2cdycudFCWPQGLU,,,,,41.802093505859375,-78.4701995849609375,anonymous,EN,Ketogenic,,5c0984d0-4127-41d3-9fbb-c8e84e245294,51,1,4,1,1,2,4,1,16731,,MControl
2018-12-06 13:28:28,2018-12-06 13:32:07,IP Address,73.169.22.78,100,218,True,2018-12-06 13:32:07,R_QlzVuKk6ddMVi9j,,,,,38.235198974609375,-104.660003662109375,anonymous,EN,Ketogenic,,5c098634-d895-42b0-bdb8-c2f0d1357a8a,35,1,4,1,12,5,1,4,81001,,MControl
2018-12-06 13:13:26,2018-12-06 13:33:25,IP Address,172.58.153.74,100,1199,True,2018-12-06 13:33:26,R_2xFd8Yvf2PotDbI,,,,,37.751007080078125,-97.82199859619140625,anonymous,EN,Pritikin,I do not trust what the speaker was saying.,5c098292-8cce-423f-8acc-3e1986f768ec,28,2,1,2,1,2,4,3,23005,,FTreatment
2018-12-06 13:26:02,2018-12-06 13:33:44,IP Address,12.220.57.98,100,462,True,2018-12-06 13:33:45,R_2uvmX4oRqa1qEQM,,,,,26.803497314453125,-80.07559967041015625,anonymous,EN,Ketogenic,,5c0985af-0e99-4299-8fc3-8b3df627a3c7,36,1,13,1,3,4,1,3,33469,,FControl
2018-12-06 13:30:43,2018-12-06 13:34:09,IP Address,166.216.159.174,100,206,True,2018-12-06 13:34:09,R_3luAXGJ9T2iqPNj,,,,,41.4994964599609375,-81.69539642333984375,anonymous,EN,Ketogenic,,5c09864e-b2ce-4de5-a438-a7dba8e65541,59,1,4,1,1,2,10,2,45013,,FControl
2018-12-06 13:54:34,2018-12-06 13:54:44,IP Address,209.104.233.1,100,9,True,2018-12-06 13:54:44,R_2TYIu45GwitUTNN,,,,,42.3307037353515625,-71.0912017822265625,anonymous,EN,Paleo,,5c098c64-a521-49ac-8c29-11ee88e6ad16,24,1,3,8,1,4,2,1,02445,,MTreatment
2018-12-06 14:01:17,2018-12-06 14:01:39,IP Address,69.118.194.148,100,21,True,2018-12-06 14:01:39,R_2cBcXggEW7khcep,,,,,40.6179046630859375,-73.98560333251953125,anonymous,EN,Paleo,,5c098def-ff89-4d04-b5e0-96fc473848bf,28,2,1,16,5,2,3,1,11207,,MTreatment
2018-12-06 13:58:48,2018-12-06 14:01:50,IP Address,75.185.5.245,100,182,True,2018-12-06 14:01:51,R_2D5livmOuRHq4EG,,,,,39.923004150390625,-82.86640167236328125,anonymous,EN,Ketogenic,,5c098d60-2c08-4356-b275-6fd9c7f408c3,40,1,18,1,1,2,7,2,43227,,FTreatment
2018-12-06 14:00:28,2018-12-06 14:03:34,IP Address,67.249.97.60,100,186,True,2018-12-06 14:03:34,R_OGNeVuobZU4mu2t,,,,,43.035400390625,-76.12819671630859375,anonymous,EN,Ketogenic,,5c098dc9-bbb0-4e99-a384-2409f34eb832,31,2,13,1,1,2,6,1,13029,,MControl
2018-12-06 14:00:36,2018-12-06 14:03:54,IP Address,166.216.159.188,100,197,True,2018-12-06 14:03:54,R_3qCZQ9GA6PmC16k,,,,,41.4994964599609375,-81.69539642333984375,anonymous,EN,Paleo,,5c098dcb-abd9-4e7e-bb8c-a24447580cdd,35,2,11,1,1,6,2,2,62863,,MControl
2018-12-06 14:06:58,2018-12-06 14:10:39,IP Address,97.118.5.9,100,220,True,2018-12-06 14:10:39,R_OBSemHUCgtXXsQx,,,,,39.62060546875,-105.0901031494140625,anonymous,EN,Pritikin,I do not trust what the speaker was saying.,5c098f43-060e-48c3-9543-0136ba30e547,40,1,3,1,1,6,1,4,80203,,FControl
2018-12-06 14:09:17,2018-12-06 14:11:44,IP Address,70.168.188.125,100,147,True,2018-12-06 14:11:44,R_2YnYFBlY8JOSaEr,,,,,29.6132049560546875,-82.387298583984375,anonymous,EN,Paleo,,5c098fca-fbd5-4979-ad05-08e8e916c17c,69,1,2,1,1,6,10,3,32055,,MControl
2018-12-06 14:09:21,2018-12-06 14:11:58,IP Address,172.56.11.171,100,157,True,2018-12-06 14:11:59,R_2VOTNHVq2KP1j3U,,,,,42.4261016845703125,-83.195098876953125,anonymous,EN,Pritikin,I trust what the speaker was saying.,5c098fc4-4d23-4858-a336-2e3a4edcdccf,51,1,1,1,1,2,10,2,48209,,FTreatment
2018-12-06 14:18:55,2018-12-06 14:19:16,IP Address,108.255.106.224,100,21,True,2018-12-06 14:19:16,R_2TIbIcFIsV4xdyX,,,,,33.6110992431640625,-84.06829833984375,anonymous,EN,Ketogenic,,5c099210-fbfc-4712-9d5a-60c5e82d9f93,22,1,3,2,2,4,10,3,30094,,MControl
2018-12-06 14:18:02,2018-12-06 14:21:44,IP Address,71.196.103.3,100,222,True,2018-12-06 14:21:44,R_10xFpVqLsO1M8FL,,,,,26.0968017578125,-80.180999755859375,anonymous,EN,Pritikin,I trust what the speaker was saying.,5c0991d6-5665-4e0e-8708-fb789d5e1029,36,1,1,2,1,2,1,3,33023,,FTreatment
2018-12-06 14:17:44,2018-12-06 14:22:22,IP Address,73.39.94.24,100,278,True,2018-12-06 14:22:22,R_bDhKMIcLGkIFJbb,,,,,38.926300048828125,-76.70980072021484375,anonymous,EN,Paleo,,5c099158-8999-4047-9f29-8e381cf759a9,22,1,1,2,1,5,1,3,20716,,MTreatment
2018-12-06 14:19:51,2018-12-06 14:23:56,IP Address,98.249.190.233,100,244,True,2018-12-06 14:23:56,R_RJQPMO6P74YOB7H,,,,,25.77349853515625,-80.35720062255859375,anonymous,EN,Ketogenic,,5c0991bb-08d2-492f-8c2e-2939597fc610,46,1,5,1,3,5,7,3,33174,,FTreatment
2018-12-06 14:22:04,2018-12-06 14:24:59,IP Address,108.92.24.70,100,174,True,2018-12-06 14:24:59,R_vZguS6nh78OaFfb,,,,,41.471405029296875,-81.58390045166015625,anonymous,EN,Pritikin,I trust what the speaker was saying.,5c099237-2656-4752-9b04-7b1cb3783ad8,46,1,17,16,1,2,1,2,44118,,MTreatment
2018-12-06 14:16:46,2018-12-06 14:28:28,IP Address,50.49.25.255,100,702,True,2018-12-06 14:28:28,R_Duw8W1iGDn13VzH,,,,,43.148406982421875,-77.63939666748046875,anonymous,EN,Pritikin,I trust what the speaker was saying.,5c09914c-29e0-473f-b1b3-9e1084cfb62f,30,1,1,15,4,4,3,1,14616,,FControl
2018-12-06 14:42:40,2018-12-06 14:43:59,IP Address,24.248.218.209,100,79,True,2018-12-06 14:44:00,R_1gMAXtOInrgVzJc,,,,,36.052001953125,-94.1533966064453125,anonymous,EN,Pritikin,I do not trust what the speaker was saying.,5c099791-713d-4798-834f-413a9f65e732,56,2,3,1,1,2,7,3,72701,,MControl
2018-12-06 14:43:24,2018-12-06 14:44:03,IP Address,172.58.14.243,100,38,True,2018-12-06 14:44:03,R_2AYVUlsejTwKpi7,,,,,25.8130035400390625,-80.23200225830078125,anonymous,EN,Ketogenic,,5c0997b0-42a2-46ee-9a08-6ee63f3d165c,35,2,1,2,1,2,9,3,33301,,FControl
2018-12-06 14:45:20,2018-12-06 14:48:30,IP Address,73.197.254.98,100,190,True,2018-12-06 14:48:30,R_3hhCURQTaOoxEuQ,,,,,39.9477996826171875,-74.90360260009765625,anonymous,EN,Pritikin,I trust what the speaker was saying.,5c099804-177e-4376-b810-8763f75647d3,66,1,22,1,1,4,8,1,08054,,MTreatment
2018-12-06 14:43:32,2018-12-06 14:48:31,IP Address,70.35.179.108,100,298,True,2018-12-06 14:48:31,R_2rC2Jgyjr7uEbc2,,,,,33.89129638671875,-78.42980194091796875,anonymous,EN,Pritikin,I do not trust what the speaker was saying.,5c0997c2-771a-4112-a462-bb3b758fcf07,53,2,2,1,1,4,10,3,28469,,FTreatment
2018-12-06 14:47:59,2018-12-06 14:48:36,IP Address,76.102.43.79,100,36,True,2018-12-06 14:48:36,R_yqhFxPDjXNodeRr,,,,,37.5308074951171875,-121.97119903564453125,anonymous,EN,Paleo,,5c0998ef-be45-4336-a9a6-ab898b5697bf,46,1,18,4,1,6,3,4,94538,,FControl
2018-12-06 14:51:55,2018-12-06 14:52:19,IP Address,174.254.131.233,100,24,True,2018-12-06 14:52:20,R_3MgIer9qVrFjtJu,,,,,37.751007080078125,-97.82199859619140625,anonymous,EN,Ketogenic,,5c0999be-4a96-4abb-ae51-43e2228712f9,25,1,19,1,1,2,5,4,98632,,MTreatment
2018-12-06 14:51:15,2018-12-06 14:54:56,IP Address,208.54.87.234,100,221,True,2018-12-06 14:54:56,R_3iXwpxEy9R8GwaE,,,,,40.6717071533203125,-74.2042999267578125,anonymous,EN,Ketogenic,,5c099990-c65d-4f0a-9b59-8e488b92097d,40,1,8,2,1,3,1,1,07083,,MControl
2018-12-06 14:52:59,2018-12-06 14:57:32,IP Address,209.196.89.143,100,273,True,2018-12-06 14:57:33,R_2zBzn1lQZMUcn6M,,,,,32.96600341796875,-97.68360137939453125,anonymous,EN,Ketogenic,,5c0999a7-1ba4-4e9e-ae4b-85eb7e6005dc,52,1,1,1,1,3,3,3,76063,,FControl
2018-12-06 15:33:47,2018-12-06 15:34:03,IP Address,66.87.125.208,100,15,True,2018-12-06 15:34:03,R_2rUU9nR2bOUWImI,,,,,42.3583984375,-71.0597991943359375,anonymous,EN,Ketogenic,,5c09a39d-114e-4776-9875-dce23cf6d166,29,2,13,1,1,6,6,1,02885,,FTreatment
2018-12-06 15:33:51,2018-12-06 15:37:41,IP Address,174.255.196.227,100,229,True,2018-12-06 15:37:42,R_1jpIaAGOGGhQVI3,,,,,37.751007080078125,-97.82199859619140625,anonymous,EN,Pritikin,I trust what the speaker was saying.,5c09a382-9dda-4464-aae9-102bef40c8b5,28,2,1,1,1,2,4,1,14456,,MControl
2018-12-06 15:36:10,2018-12-06 15:39:59,IP Address,32.210.104.46,100,228,True,2018-12-06 15:40:00,R_8CFlCYF1Fx4nBQd,,,,,41.7498016357421875,-72.6947021484375,anonymous,EN,Ketogenic,,5c09a422-32e0-42b9-8caf-acb5399cd7c8,38,2,1,2,1,1,2,1,06112,,MTreatment
2018-12-06 16:10:02,2018-12-06 16:10:21,IP Address,75.176.137.2,100,19,True,2018-12-06 16:10:22,R_2V1pZV3Qky7Q1gS,,,,,33.8654937744140625,-79.74179840087890625,anonymous,EN,Ketogenic,,5c09ac3a-5214-4258-ac77-3492e2d3bdb5,22,2,4,2,2,2,5,2,60626,,MControl
2018-12-06 16:13:51,2018-12-06 16:14:10,IP Address,76.169.134.2,100,18,True,2018-12-06 16:14:10,R_r218WBsUfpGb065,,,,,33.7523040771484375,-117.854095458984375,anonymous,EN,Paleo,,5c09acf6-5f37-4320-b077-d6bda6ab4318,30,1,1,10,15,2,6,4,92706,,FControl
2018-12-06 16:16:01,2018-12-06 16:16:56,IP Address,75.90.27.248,100,54,True,2018-12-06 16:16:56,R_265BjcqKoTtZRpb,,,,,41.6338043212890625,-80.1488037109375,anonymous,EN,Paleo,,5c09ad65-1e0a-4ecc-854b-ae2af6298372,19,2,4,1,1,2,1,1,16323,,MControl
2018-12-06 16:10:06,2018-12-06 16:17:20,IP Address,67.237.62.48,100,433,True,2018-12-06 16:17:20,R_3NDIPUgRTE37YmK,,,,,35.3119049072265625,-78.8404998779296875,anonymous,EN,Ketogenic,,5c09ab92-35b9-4817-ad07-5ed29ca09cda,60,1,2,2,1,4,1,3,28377,,FTreatment
2018-12-06 16:19:10,2018-12-06 16:19:30,IP Address,75.165.113.209,100,19,True,2018-12-06 16:19:30,R_5v9nJPZ8NR7Nir7,,,,,40.3325958251953125,-77.31909942626953125,anonymous,EN,Paleo,,5c09ae1e-0036-4c8b-a402-13bd24af7c47,34,2,1,1,1,2,1,1,16621,,FTreatment
2018-12-06 16:37:23,2018-12-06 16:37:49,IP Address,71.57.22.57,100,25,True,2018-12-06 16:37:49,R_3rON6hOsmzivowp,,,,,39.858306884765625,-88.938201904296875,anonymous,EN,Paleo,,5c09b27f-277a-4e25-8144-a6100eb81c5b,19,1,3,1,2,1,5,2,60007,,MTreatment
2018-12-06 16:38:11,2018-12-06 16:39:15,IP Address,98.195.33.152,100,64,True,2018-12-06 16:39:15,R_bClcO3xPmQvTCtb,,,,,29.039306640625,-95.44010162353515625,anonymous,EN,Ketogenic,,5c09b27f-58ac-4038-939e-bc3878a3a446,39,1,1,2,8,2,7,3,77566,,MControl
2018-12-06 16:45:15,2018-12-06 16:48:33,IP Address,73.0.90.237,100,197,True,2018-12-06 16:48:33,R_1eF4UgrhKHwNi68,,,,,25.77630615234375,-80.291900634765625,anonymous,EN,Paleo,,5c09b461-b709-43cd-9849-abd08c99ce28,22,1,3,15,14,5,3,3,33142,,FTreatment
2018-12-06 17:03:20,2018-12-06 17:06:35,IP Address,75.118.84.144,100,194,True,2018-12-06 17:06:35,R_21055kcB8iX9PEj,,,,,40.083892822265625,-82.97260284423828125,anonymous,EN,Pritikin,I trust what the speaker was saying.,5c09b8a5-d2fc-46cc-983e-63569b433720,52,1,24,1,1,6,10,2,43224,,FControl
2018-12-06 17:07:17,2018-12-06 17:08:15,IP Address,69.245.243.130,100,58,True,2018-12-06 17:08:15,R_3LjR1kN79WQEBtc,,,,,41.5637054443359375,-87.724700927734375,anonymous,EN,Paleo,,5c09b97f-d88d-464a-a395-aff7fe5eac05,18,2,1,2,1,2,7,2,45678,,MTreatment
2018-12-06 17:07:42,2018-12-06 17:08:56,IP Address,75.107.136.37,100,74,True,2018-12-06 17:08:57,R_2agJxy3hPZJx4YT,,,,,39.942596435546875,-82.97480010986328125,anonymous,EN,Paleo,,5c09b96e-55fd-44cf-b147-a95a5eb2f0e1,24,2,2,1,1,3,2,1,18848,,MControl
2018-12-06 17:07:13,2018-12-06 17:10:45,IP Address,75.80.243.5,100,211,True,2018-12-06 17:10:45,R_3ml4HWzEbqwnSA8,,,,,33.753204345703125,-116.26760101318359375,anonymous,EN,Ketogenic,,5c09b935-4328-4ffe-9573-41fbb4c6ceb7,43,1,14,1,1,6,2,4,92203,,FTreatment
2018-12-06 17:10:54,2018-12-06 17:14:10,IP Address,98.140.10.139,100,196,True,2018-12-06 17:14:11,R_PFjNgXtQAeFrRPX,,,,,37.5200042724609375,-77.43689727783203125,anonymous,EN,Paleo,,5c09ba5b-38e2-448d-9067-886cd142b3ec,27,1,1,1,1,6,9,3,23238,,MControl
2018-12-06 17:11:47,2018-12-06 17:15:41,IP Address,99.203.28.39,100,233,True,2018-12-06 17:15:41,R_3IDjoXg27dFdZSh,,,,,38.6616058349609375,-90.28189849853515625,anonymous,EN,Pritikin,I trust what the speaker was saying.,5c09ba29-9886-4fe6-99a9-162a79ba2e4d,63,1,1,3,15,4,9,2,67042,,FTreatment
2018-12-06 17:44:13,2018-12-06 17:45:58,IP Address,98.204.214.70,100,105,True,2018-12-06 17:45:58,R_3QEP3VZrA6XGFkU,,,,,39.28759765625,-76.55680084228515625,anonymous,EN,Ketogenic,,5c09c22f-4e6e-4b6e-9ea9-2e6ae03a8af7,35,2,18,1,1,6,2,3,21224,,FControl
2018-12-06 17:44:30,2018-12-06 17:47:22,IP Address,73.17.109.164,100,171,True,2018-12-06 17:47:22,R_2ZHwla1ZuPgzPP5,,,,,42.3105926513671875,-71.27469635009765625,anonymous,EN,Ketogenic,,5c09c251-75f1-4fba-892a-1b05e8ab9722,18,1,1,1,1,2,1,1,02481,,MTreatment
2018-12-06 17:48:00,2018-12-06 17:49:10,IP Address,99.203.1.122,100,69,True,2018-12-06 17:49:10,R_3qvCJmkyqc9buzl,,,,,39.910400390625,-83.8274993896484375,anonymous,EN,Ketogenic,,5c09c2f8-0b4f-4b6a-a5e7-ded3d152e93f,21,2,-3105,2,1,2,7,2,46628,,MControl
2018-12-06 17:58:19,2018-12-06 17:59:26,IP Address,107.77.169.6,100,66,True,2018-12-06 17:59:26,R_ZJqPuNEBOWtSR2N,,,,,29.4228973388671875,-98.5260009765625,anonymous,EN,Paleo,,5c09c547-3bbe-4107-b44a-7865172b9527,52,1,4,1,2,4,1,3,78041,,FControl
2018-12-06 18:01:07,2018-12-06 18:01:49,IP Address,172.72.240.117,100,41,True,2018-12-06 18:01:49,R_2eUyTemV1HoaUT9,,,,,35.414093017578125,-80.61620330810546875,anonymous,EN,Paleo,,5c09c59e-13a7-4de4-aa3b-9e23189c3c27,19,1,1,2,1,1,3,3,28083,,FTreatment
2018-12-06 18:25:58,2018-12-06 18:26:27,IP Address,71.70.91.234,100,29,True,2018-12-06 18:26:27,R_3PjiALlE7rvKZMC,,,,,34.7599029541015625,-79.4673004150390625,anonymous,EN,Ketogenic,,5c09cbfb-a844-4f3d-be63-df5315e13473,30,2,4,2,1,5,1,3,28352,,MTreatment
2018-12-06 18:29:11,2018-12-06 18:31:00,IP Address,69.206.114.77,100,109,True,2018-12-06 18:31:00,R_rp81WWlE3d4J05P,,,,,41.4723968505859375,-74.05660247802734375,anonymous,EN,Paleo,,5c09ccc1-16f1-4328-8b71-c35c91a6a749,24,2,5,1,2,2,10,1,12553,,FControl
2018-12-06 18:29:24,2018-12-06 18:32:42,IP Address,75.97.69.234,100,197,True,2018-12-06 18:32:42,R_3064C8G0uO2UPuA,,,,,41.088897705078125,-75.2798004150390625,anonymous,EN,Pritikin,I trust what the speaker was saying.,5c09ccc7-be71-4793-8615-0436ed4310c3,19,2,-3105,1,1,4,1,1,18332,,MControl
2018-12-06 18:47:28,2018-12-06 18:50:36,IP Address,71.61.157.90,100,188,True,2018-12-06 18:50:37,R_1gTMsGCjAmDVJvJ,,,,,40.5615997314453125,-79.71289825439453125,anonymous,EN,Ketogenic,,5c09d0f4-ede6-49e0-af69-5c2a3ebe0ee5,30,1,-3105,1,1,4,10,1,15065,,MControl
2018-12-06 19:14:54,2018-12-06 19:17:17,IP Address,24.175.75.20,100,143,True,2018-12-06 19:17:17,R_1HdZz77e9WUK7eq,,,,,25.9221038818359375,-97.4611968994140625,anonymous,EN,Ketogenic,,5c09d765-989a-48f9-829e-84e15746a32b,19,2,1,1,2,2,8,3,78520,,FControl
2018-12-06 19:23:24,2018-12-06 19:23:39,IP Address,69.12.38.59,100,14,True,2018-12-06 19:23:39,R_3QFYAebjcaGoo75,,,,,37.6464996337890625,-84.77469635009765625,anonymous,EN,Ketogenic,,5c09d972-d624-4361-8633-857767788d5e,20,1,-3105,1,1,4,10,3,40422,,MTreatment
2018-12-06 19:25:19,2018-12-06 19:25:39,IP Address,76.114.113.26,100,20,True,2018-12-06 19:25:39,R_30oOCXIySVbGym6,,,,,36.3054046630859375,-86.60720062255859375,anonymous,EN,Ketogenic,,5c09d973-9b62-4224-b0d4-2efef436184a,19,1,1,2,5,2,9,3,37075,,FControl
2018-12-06 20:10:09,2018-12-06 20:13:34,IP Address,184.89.12.163,100,204,True,2018-12-06 20:13:34,R_294dg9uo50J5iXw,,,,,28.4944000244140625,-81.29019927978515625,anonymous,EN,Paleo,,5c09e450-3e76-4e22-9ca0-dda136206b1c,26,1,19,1,5,7,2,3,32822,,MTreatment
2018-12-06 20:11:08,2018-12-06 20:14:17,IP Address,70.188.183.74,100,188,True,2018-12-06 20:14:17,R_9HpA8dOlyuGLy1P,,,,,41.872894287109375,-71.3907012939453125,anonymous,EN,Pritikin,I do not trust what the speaker was saying.,5c09e45c-52bb-49b7-bcfa-5d701914b703,35,1,11,16,2,7,3,1,02633,,MTreatment
2018-12-06 20:22:08,2018-12-06 20:23:02,IP Address,73.131.129.20,100,54,True,2018-12-06 20:23:03,R_1nOBojQsPjgkAcV,,,,,32.9051971435546875,-80.66680145263671875,anonymous,EN,Paleo,,5c09e72e-4897-445a-99ff-ee633c3c68d5,69,1,4,1,1,5,10,3,29488,,FControl
2018-12-06 20:49:45,2018-12-06 20:50:04,IP Address,172.56.16.9,100,19,True,2018-12-06 20:50:05,R_27NX68uwstLBHtr,,,,,33.842803955078125,-117.9546051025390625,anonymous,EN,Ketogenic,,5c09eda1-6225-42fe-820f-ee04d447a62b,27,1,1,1,1,2,9,4,90620,,MControl
2018-12-06 20:51:33,2018-12-06 20:53:01,IP Address,75.117.55.215,100,87,True,2018-12-06 20:53:01,R_2bTzNOX4Tl9RteB,,,,,30.1759033203125,-83.03040313720703125,anonymous,EN,Paleo,,5c09ee1e-6c66-4a2f-b4d5-62f48345364f,22,1,1,1,1,1,2,3,32148,,FTreatment
2018-12-06 21:20:42,2018-12-06 21:23:59,IP Address,45.51.5.103,100,197,True,2018-12-06 21:24:00,R_1k1YTfBgsgdW07y,,,,,33.9376983642578125,-117.1851043701171875,anonymous,EN,Ketogenic,,5c09f4c8-0345-4ff3-b3a3-4031735775bf,39,1,1,1,2,6,7,4,92557,,MControl
2018-12-06 21:47:04,2018-12-06 21:51:12,IP Address,208.54.80.250,100,248,True,2018-12-06 21:51:12,R_1CmsWwH1OAXq8Gv,,,,,41.920196533203125,-87.75350189208984375,anonymous,EN,Ketogenic,,5c09f9ff-036d-4c0b-9822-d7c3052c68ab,29,2,7,2,1,2,1,2,60445,,FTreatment
2018-12-06 21:48:55,2018-12-06 21:52:26,IP Address,99.99.137.120,100,210,True,2018-12-06 21:52:26,R_yVe6pXigare8eCR,,,,,26.7162017822265625,-80.09649658203125,anonymous,EN,Ketogenic,,5c09fb5e-910d-4152-872d-8fe4a07db833,19,1,14,2,1,2,3,3,33413,,MTreatment
2018-12-06 08:34:33,2018-12-06 22:00:59,IP Address,24.205.69.153,100,48385,True,2018-12-06 22:00:59,R_1qe2cqgB0o1ziZR,,,,,34.1717071533203125,-118.3231048583984375,anonymous,EN,Ketogenic,,5c09414b-e5d7-4b8d-a19e-7ff62d757b53,19,1,13,6,1,7,8,4,91206,,MTreatment
2018-12-06 22:11:19,2018-12-06 22:15:17,IP Address,72.183.1.198,100,238,True,2018-12-06 22:15:17,R_2qg9chc0LkbJyUH,,,,,26.1670989990234375,-98.0529022216796875,anonymous,EN,Ketogenic,,5c0a006f-8a51-4421-bc56-09d619df343a,41,1,7,15,2,4,3,3,78570,,FControl
2018-12-06 22:19:37,2018-12-06 22:23:01,IP Address,23.125.45.87,100,203,True,2018-12-06 22:23:01,R_3KPbwXtkMdKhUpS,,,,,25.530303955078125,-80.3917999267578125,anonymous,EN,Pritikin,I trust what the speaker was saying.,5c0a02c4-65db-468a-b672-e322a111c3a1,34,1,11,1,14,6,2,3,33032,,FTreatment
2018-12-06 22:32:28,2018-12-06 22:34:47,IP Address,96.231.242.17,100,139,True,2018-12-06 22:34:47,R_URXC6otLaWDjjqN,,,,,39.135498046875,-77.28220367431640625,anonymous,EN,Ketogenic,,5c0a0565-57d9-401f-840a-5da1837ce17e,57,1,13,1,1,4,2,3,20876,,FTreatment
2018-12-06 22:31:17,2018-12-06 22:35:09,IP Address,96.37.204.177,100,232,True,2018-12-06 22:35:10,R_1fZ6Te4KoFyd9an,,,,,34.8285064697265625,-82.35160064697265625,anonymous,EN,Pritikin,I trust what the speaker was saying.,5c0a04d8-e1bd-4e6b-a948-3bf4bf03a11e,67,1,20,1,1,6,4,3,29601,,MControl
2018-12-06 23:17:34,2018-12-06 23:23:03,IP Address,108.237.72.157,100,328,True,2018-12-06 23:23:03,R_RxAKvtLf5mSoOVH,,,,,36.2021942138671875,-119.3379974365234375,anonymous,EN,Pritikin,I trust what the speaker was saying.,5c097dc3-befb-428b-af2e-e124df8e7b28,52,1,1,15,2,6,4,4,93274,,MControl
2018-12-06 23:46:21,2018-12-06 23:47:43,IP Address,73.203.44.110,100,81,True,2018-12-06 23:47:43,R_25zTD5DlmXJ9aS4,,,,,39.825897216796875,-104.9113006591796875,anonymous,EN,Ketogenic,,5c0a16e7-3b1c-4b73-b1eb-204a6c9ea022,20,1,-3105,15,2,1,7,4,80022,,MTreatment
2018-12-06 23:48:32,2018-12-06 23:49:39,IP Address,68.113.236.78,100,66,True,2018-12-06 23:49:39,R_1oFr72MqnSp69GA,,,,,44.4506988525390625,-89.5428009033203125,anonymous,EN,Paleo,,5c0a176b-09ef-40b4-9470-383dece52aec,25,2,11,1,1,2,1,2,54467,,MControl
2018-12-06 23:48:29,2018-12-06 23:51:47,IP Address,148.74.195.187,100,198,True,2018-12-06 23:51:48,R_1k1FqE5nyrishn5,,,,,40.94610595703125,-73.8668975830078125,anonymous,EN,Ketogenic,,5c0a178d-6eb6-45a9-a825-0f7e477e8189,30,2,10,2,1,6,1,1,10703,,MControl
2018-12-07 00:06:38,2018-12-07 00:07:39,IP Address,108.222.98.117,100,61,True,2018-12-07 00:07:39,R_2VqNkPYI8KMVQja,,,,,32.7904052734375,-96.8043975830078125,anonymous,EN,Pritikin,I trust what the speaker was saying.,5c0a1bd1-cf8d-4e0c-b133-845cb8e6a880,40,1,1,2,1,2,1,3,75201,,FControl
2018-12-07 01:18:43,2018-12-07 01:19:41,IP Address,174.63.200.105,100,58,True,2018-12-07 01:19:41,R_2ZJiHjlnOCZyQk2,,,,,33.4716949462890625,-82.08339691162109375,anonymous,EN,Ketogenic,,5c0a2c9f-53f0-4273-9314-cb9f0d72107a,25,2,2,1,1,2,4,3,30909,,FTreatment
2018-12-07 03:16:51,2018-12-07 03:17:24,IP Address,73.129.239.170,100,33,True,2018-12-07 03:17:25,R_2xDmGz0GuYPvBoL,,,,,39.045501708984375,-76.92420196533203125,anonymous,EN,Paleo,,5c0a4866-99f4-42a6-8f67-93a0b9497819,21,2,2,2,1,4,1,3,20782,,FTreatment
2018-12-07 03:19:29,2018-12-07 03:23:35,IP Address,64.179.151.106,100,245,True,2018-12-07 03:23:35,R_3ewstTq2DYqhaVq,,,,,43.661407470703125,-96.2216033935546875,anonymous,EN,Paleo,,5c0a48b7-1267-4967-b2e4-bb045b178593,42,2,15,1,1,7,2,2,56156,,MTreatment
2018-12-07 03:30:11,2018-12-07 03:32:00,IP Address,45.37.195.218,100,109,True,2018-12-07 03:32:00,R_Cfd95tJ5rO8Bu6t,,,,,35.98150634765625,-78.5391998291015625,anonymous,EN,Paleo,,5c0a4b91-6b36-4ab8-9679-4c6f7c35e978,24,1,21,3,3,2,10,3,27587,,FControl
2018-12-07 03:29:34,2018-12-07 03:33:20,IP Address,173.174.6.148,100,225,True,2018-12-07 03:33:20,R_3hfJQqhFCQmoCLk,,,,,30.041595458984375,-99.14080047607421875,anonymous,EN,Pritikin,I trust what the speaker was saying.,5c0a4b5a-5e9e-4de4-ac7e-22f5577d0153,39,2,11,1,1,5,10,3,78028,,FControl
